CIK,ncen_accession,filed,source,advisers
2110,0001410368-26-022553,2026-03-10,dera,"Columbia Management Investment Advisers, LLC"
2768,0002071691-25-007999,2025-12-12,dera,"Franklin Advisers, Inc."
3521,0000940400-26-000200,2026-01-14,dera,"Fred Alger Management, LLC"
3794,0001410368-26-001006,2026-01-14,dera,AllianceBernstein L.P.
4405,0001193125-26-223144,2026-05-14,dera,Capital Research and Management Company
9521,0000940400-25-012303,2025-12-15,dera,"Gabelli Funds, LLC"
12601,0000012601-26-000138,2026-03-12,dera,"Principal Global Investors, LLC"
13075,0001193125-26-108009,2026-03-16,dera,Capital Research and Management Company
13386,0001193125-26-046115,2026-02-11,dera,Federated Advisory Services Company | Federated Global Investment Management Corp.
18748,0002071691-26-005448,,filing,
19034,0000019034-26-000028,2026-03-13,dera,"Invesco Advisers, Inc."
19614,0001410368-25-014306,2025-10-14,dera,AllianceBernstein L.P.
22370,0001193125-26-253080,2026-06-02,dera,John Hancock Investment Management LLC
24238,0000035402-26-001453,2026-03-12,dera,Fidelity Management & Research Company LLC
27825,0000940400-25-003124,2025-10-14,dera,Macquarie Investment Management Business Trust
29440,0001193125-26-106279,2026-03-13,dera,Dodge & Cox
31266,0001410368-26-026134,2026-03-16,dera,Boston Management and Research | Eaton Vance Management
34066,0000034066-26-000003,2026-01-12,dera,"ArrowMark Colorado Holdings, LLC | ClearBridge Investments, LLC | Stephens Investment Management Group, LLC | The Vanguard Group, Inc. | Wellington Management Company LLP"
34273,0001752724-24-282390,2024-12-13,dera,"Virtus Investment Advisers, Inc."
35315,0000035402-26-003575,2026-06-11,dera,Fidelity Management & Research Company LLC
35331,0001752724-24-280072,2024-12-12,dera,Fidelity Management & Research Company LLC
35341,0000035402-26-002202,2026-04-13,dera,Fidelity Management & Research Company LLC
35348,0000035402-26-001445,2026-03-12,dera,Fidelity Management & Research Company LLC
35402,0000035402-26-001454,2026-03-12,dera,Fidelity Management & Research Company LLC
36405,0000036405-26-000103,2026-03-12,dera,"The Vanguard Group, Inc."
38721,0002071691-25-008005,2025-12-12,dera,"Franklin Advisers, Inc."
39473,0001193125-26-108001,2026-03-16,dera,Capital Research and Management Company
44201,0001145549-24-069034,2024-11-14,dera,Capital Research and Management Company
44402,0001410368-25-021164,2025-11-05,dera,Neuberger Berman Investment Advisers LLC
45288,0001145549-25-050296,2025-07-31,dera,John Hancock Investment Management LLC
47071,0001752724-25-213508,2025-09-09,dera,Bruce and Company Inc
49905,0001410368-26-000837,2026-01-13,dera,"Hartford Funds Management Company, LLC"
50013,0001145549-24-063955,2024-10-15,dera,Capital Research and Management Company
52136,0001410368-26-026207,2026-03-16,dera,"Natixis Advisors, LLC"
52848,0000052848-25-000314,2025-12-10,dera,"The Vanguard Group, Inc."
60365,0001410368-26-025526,2026-03-13,dera,"Lord, Abbett & Co. LLC"
61397,0000035402-26-003576,2026-06-11,dera,Fidelity Management & Research Company LLC
63068,0001410368-25-023250,2025-11-14,dera,Massachusetts Financial Services Company
67160,0001410368-26-023628,2026-03-12,dera,"MML Investment Advisers, LLC"
69752,0001410368-26-010968,2026-02-12,dera,AllianceBernstein L.P.
71516,0001145549-24-078709,2024-12-16,dera,Capital Research and Management Company
71701,0001193125-26-003585,2026-01-06,dera,"Davis Selected Advisers, L.P."
72760,0001398344-25-021969,,filing,
74663,0001410368-26-000611,2026-01-13,dera,Boston Management and Research
75170,0001099263-26-003196,2026-03-13,dera,"T. Rowe Price Associates, Inc."
75398,0000940400-26-009806,2026-03-11,dera,"Western Asset Management Company, LLC"
76721,0002071691-26-005444,2026-03-11,dera,Impax Asset Management LLC
80248,0001099263-26-003190,2026-03-13,dera,"T. Rowe Price Associates, Inc."
80249,0000080249-25-000030,2025-08-13,dera,"T. Rowe Price Associates, Inc."
80257,0001099263-26-003181,2026-03-13,dera,"T. Rowe Price Associates, Inc."
81205,0000035402-25-001562,2025-11-12,dera,Fidelity Management & Research Company LLC
81247,0002071691-26-000118,2026-01-12,dera,"Putnam Investment Management, LLC"
81251,0002071691-26-000120,2026-01-12,dera,"Putnam Investment Management, LLC"
81259,0002071691-25-002490,2025-10-10,dera,"Putnam Investment Management, LLC"
81443,0001410368-26-057631,2026-06-10,dera,AllianceBernstein L.P.
83293,0002071691-25-002495,2025-10-10,dera,"Franklin Advisers, Inc."
84237,0001145549-25-017659,2025-03-13,dera,"Davis Selected Advisers, L.P."
88048,0001410368-26-022620,2026-03-11,dera,"DWS Investment Management Americas, Inc."
88053,0001410368-26-000078,2026-01-06,dera,"DWS Investment Management Americas, Inc."
88063,0001410368-26-034509,2026-04-06,dera,"DWS Investment Management Americas, Inc."
88064,0001410368-26-010528,2026-02-09,dera,"DWS Investment Management Americas, Inc."
88525,0000913181-25-000414,2025-12-12,dera,"Guggenheim Partners Investment Management, LLC"
88808,0000088808-26-000004,2026-03-12,dera,"Davis Selected Advisers, L.P."
91847,0001193125-26-105918,2026-03-13,dera,"FIRST PACIFIC ADVISORS, LP"
92500,0001145549-25-046263,2025-07-10,dera,"Crossmark Global Investments, Inc."
92751,0000940400-26-000198,2026-01-14,dera,"Fred Alger Management, LLC"
99203,0001752724-22-277763,2022-12-12,dera,"First Pacific Advisors, LP"
99614,0001410368-26-022554,2026-03-10,dera,"Columbia Management Investment Advisers, LLC"
101507,0000101507-26-000052,2026-03-06,dera,"U.S. Global Investors, Inc."
102426,0000102426-26-000007,2026-02-10,dera,Paralel Advisors LLC
102816,0001410368-26-042655,2026-05-07,dera,Eaton Vance Management
104865,0001145549-25-046346,2025-07-14,dera,Capital Research and Management Company
105377,0000105377-26-000002,2026-01-14,dera,"Invesco Advisers, Inc."
105563,0000105563-26-000071,2026-02-13,dera,"The Vanguard Group, Inc. | Wellington Management Company LLP"
106444,0000106444-26-000152,2026-04-14,dera,"Vanguard Group, Inc | Wellington Management Company LLP"
107606,0000107606-26-000003,2026-01-12,dera,"Aristotle Capital Management, LLC | Hotchkis and Wiley Capital Management, LLC | Lazard Asset Management LLC | Pzena Investment Management, LLC | Sanders Capital, LLC, a NY Limited Liability Company | Wellington Management Company LLP"
110055,0000940400-25-000330,2025-08-11,dera,"BlackRock Advisors, LLC"
200489,0002071691-25-007977,2025-12-12,dera,MASSACHUSETTS FINANCIAL SERVICES COMPANY
202032,0000202032-26-000083,2026-03-13,dera,"Invesco Advisers, Inc."
202741,0001752724-25-165978,2025-07-11,dera,"BlackRock Advisors, LLC"
203002,0000203002-26-000010,2026-03-12,dera,"Davis Selected Advisers, L.P."
205323,0000035402-26-000574,2026-02-11,dera,Fidelity Management & Research Company LLC
215829,0000035402-26-001451,2026-03-12,dera,Fidelity Management & Research Company LLC
216907,0001099263-26-003189,2026-03-13,dera,"T. Rowe Price Associates, Inc."
216934,0002071691-26-000121,2026-01-12,dera,"Putnam Investment Management, LLC"
217087,0000940400-26-010021,2026-03-13,dera,"Guggenheim Partners Investment Management, LLC"
225318,0000225318-26-000011,2026-06-09,dera,Federated Advisory Services Company | Federated Investment Management Company
225322,0000035402-26-002197,2026-04-13,dera,Fidelity Management & Research Company LLC
225375,0002071691-26-009431,2026-05-11,dera,"Franklin Advisers, Inc."
225604,0002071691-26-007736,2026-04-14,dera,MASSACHUSETTS FINANCIAL SERVICES COMPANY
230382,0000940400-26-023457,2026-06-15,dera,"BlackRock Advisors, LLC"
275309,0000035402-26-000066,2026-01-13,dera,Fidelity Management & Research Company LLC
275694,0001410368-26-025085,2026-03-13,dera,Barings LLC
276463,0001752724-24-279180,2024-12-10,dera,"BlackRock Advisors, LLC"
277751,0001145549-25-058163,2025-09-10,dera,JANUS HENDERSON INVESTORS US LLC
278187,0000940400-25-005887,2025-11-13,dera,PGIM INVESTMENTS LLC
313212,0001099263-26-003185,2026-03-13,dera,"T. Rowe Price Associates, Inc."
313850,0000313850-26-000004,2026-01-12,dera,"ARGA Investment Management, LP | Altrinsic Global Advisors, LLC | Baillie Gifford Overseas Ltd | NinetyOne North America Inc. | Pzena Investment Management, LLC | Sprucegrove Investment Management Ltd | The Vanguard Group, Inc. | Wellington Management Company LLP"
315554,0001145549-25-050298,2025-07-31,dera,John Hancock Investment Management LLC
315700,0000035402-25-000984,2025-10-14,dera,Fidelity Management & Research Company LLC
315754,0001193125-26-103544,2026-03-12,dera,CONSTELLATION INVESTMENTS INC
315774,0000315774-26-000205,2026-06-26,dera,"Rodgers Brothers, Inc."
318531,0001752724-24-283562,2024-12-16,dera,PGIM INVESTMENTS LLC
318874,0001410368-25-014345,2025-10-14,dera,Massachusetts Financial Services Company
319108,0002071691-26-005529,2026-03-16,dera,"BlackRock Advisors, LLC"
319676,0001410368-26-026132,2026-03-16,dera,Calvert Research and Management
320351,0000035402-26-002763,2026-05-12,dera,Fidelity Management & Research Company LLC
350900,0002071691-25-004313,2025-11-10,dera,"Templeton Investment Counsel, LLC"
351601,0001410368-26-000486,2026-01-09,dera,"Russell Investment Management, LLC"
352665,0000940400-26-002994,2026-02-10,dera,PGIM INVESTMENTS LLC
353905,0002071691-26-005433,2026-03-09,dera,Nationwide Fund Advisors
355437,0001410368-26-000556,2026-01-12,dera,Dimensional Fund Advisors LP
355916,0002071691-26-005530,2026-03-16,dera,"BlackRock Advisors, LLC"
356349,0002071691-26-009456,2026-05-14,dera,MASSACHUSETTS FINANCIAL SERVICES COMPANY | Massachusetts Financial Services Company
356476,0001193125-26-105977,2026-03-13,dera,"Empower Capital Management, LLC"
356494,0000035402-26-001450,2026-03-12,dera,Fidelity Management & Research Company LLC
356682,0001410368-25-036153,2025-12-12,dera,Calvert Research and Management
357204,0000910472-26-004048,2026-03-16,dera,SEGALL BRYANT AND HAMILL LLC
357310,0001752724-25-166014,2025-07-11,dera,"Franklin Advisers, Inc."
701804,0000940400-26-010024,2026-03-13,dera,"Virtus Investment Advisers, LLC"
702340,0000940400-26-009743,2026-03-10,dera,"Penn Mutual Asset Management, LLC"
702533,0000035402-26-001457,2026-03-12,dera,Fidelity Management & Research Company LLC
707823,0000035402-26-000575,2026-02-11,dera,Fidelity Management & Research Company LLC
708191,0000035402-26-000573,2026-02-11,dera,Fidelity Management & Research Company LLC
709364,0001410368-26-022682,2026-03-11,dera,"Royce & Associates, LP"
710826,0001410368-26-022706,2026-03-11,dera,"Brighthouse Investment Advisers, LLC"
711080,0001193125-26-271919,2026-06-16,dera,"Touchstone Advisors, Inc."
711175,0000940400-26-010056,2026-03-13,dera,PGIM INVESTMENTS LLC
717819,0000940400-26-016196,2026-05-12,dera,PGIM INVESTMENTS LLC
719269,0001410368-26-025047,2026-03-13,dera,Massachusetts Financial Services Company
719423,0001752724-25-186362,2025-08-12,dera,The Variable Annuity Life Insurance Company
719603,0001193125-26-270571,2026-06-15,dera,Capital Research and Management Company
719608,0001193125-26-050392,2026-02-13,dera,Capital Research and Management Company
719712,0000869392-25-000258,2025-02-06,dera,"Franklin Advisors, Inc."
720309,0000940400-26-010073,2026-03-16,dera,AMG Funds LLC
720318,0000035402-26-001446,2026-03-12,dera,Fidelity Management & Research Company LLC
722574,0000035402-26-001459,2026-03-12,dera,Fidelity Management & Research Company LLC
722885,0002000324-26-002270,2026-06-10,dera,Pear Tree Advisors Inc.
723620,0001410368-26-000847,2026-01-13,dera,Neuberger Berman Investment Advisers LLC
725781,0001752724-25-165943,2025-07-11,dera,"Invesco Advisers, Inc."
726735,0001752724-21-052644,2021-03-15,dera,"SunAmerica Asset Management, LLC"
728352,0000940400-25-005858,2025-11-13,dera,Macquarie Investment Management Business Trust
729218,0000035402-26-000062,2026-01-13,dera,Fidelity Management & Research Company LLC
729528,0001193125-26-108005,2026-03-16,dera,Capital Research and Management Company
734383,0000734383-26-000090,2026-04-14,dera,"Vanguard Group, Inc | Wellington Management Company LLP"
736054,0000736054-26-000003,2026-01-12,dera,"The Vanguard Group, Inc."
736913,0001410368-26-022390,2026-03-09,dera,Neuberger Berman Investment Advisers LLC
741350,0000940400-26-000156,2026-01-13,dera,PGIM INVESTMENTS LLC
741375,0001410368-25-033785,2025-12-09,dera,Morgan Stanley Investment Management Inc.
742212,0001410368-26-023528,2026-03-12,dera,"Mason Street Advisors, LLC"
743773,0001410368-26-026135,2026-03-16,dera,Calvert Research and Management
744822,0000035402-26-000068,2026-01-13,dera,Fidelity Management & Research Company LLC
745338,0001193125-26-042992,2026-02-09,dera,"ORRELL CAPITAL MANAGEMENT, INC."
745463,0001410368-26-035529,2026-04-10,dera,Eaton Vance Management
745467,0001752724-25-213360,2025-09-08,dera,"ArrowMark Colorado Holdings, LLC"
745967,0000745967-26-000010,2026-05-06,dera,Federated Advisory Services Company | Federated Investment Management Company
745968,0001193125-26-046108,2026-02-11,dera,Federated Advisory Services Company | Federated Equity Management Company of Pennsylvania
746687,0001410368-26-023644,2026-03-12,dera,"SSGA Funds Management, Inc."
747677,0001410368-26-000075,2026-01-06,dera,"DWS Investment Management Americas, Inc."
748691,0001752724-25-214651,2025-09-12,dera,JPMorgan Asset Management (Asia Pacific) Limited
751173,0000940400-26-009689,2026-03-05,dera,"Manning & Napier Advisors, LLC"
751199,0000035402-25-001563,2025-11-12,dera,Fidelity Management & Research Company LLC
752177,0000752177-25-000267,2025-12-10,dera,"PRIMECAP Management Company | The Vanguard Group, Inc."
754510,0000035402-25-000985,2025-10-14,dera,Fidelity Management & Research Company LLC
754915,0000754915-25-000053,2025-08-13,dera,"T. Rowe Price Associates, Inc."
756913,0001193125-26-101666,2026-03-11,dera,John Hancock Variable Trust Advisers LLC
757010,0002071691-26-009432,2026-05-11,dera,"Franklin Advisers, Inc."
759828,0001193125-26-008413,2026-01-09,dera,John Hancock Investment Management LLC
759866,0001193125-26-008411,2026-01-09,dera,John Hancock Investment Management LLC
763852,0002071691-26-009454,2026-05-13,dera,J.P. Morgan Investment Management Inc.
764624,0000940400-26-023388,2026-06-10,dera,"FRANKLIN TEMPLETON FUND ADVISER, LLC"
764719,0001410368-26-001000,2026-01-14,dera,Massachusetts Financial Services Company
764797,0001410368-26-022627,2026-03-11,dera,"DWS Investment Management Americas, Inc."
764859,0000910472-26-005316,2026-04-08,dera,"Yorktown Management and Research Company, Inc."
766555,0001752724-25-165984,2025-07-11,dera,"BlackRock Advisors, LLC"
768847,0001410368-26-024761,2026-03-13,dera,Van Eck Absolute Return Advisers Corporation | Van Eck Associates Corporation
769220,0000940400-25-003123,2025-10-14,dera,Macquarie Investment Management Business Trust
770540,0001410368-26-034201,2026-03-31,dera,"Natixis Advisors, LLC"
771951,0002071691-25-002496,2025-10-10,dera,"Franklin Advisers, Inc."
772129,0001410368-26-044171,2026-05-13,dera,"Grantham, Mayo, Van Otterloo & Co. LLC"
773478,0001752724-25-213655,2025-09-10,dera,"Franklin Advisers, Inc."
773485,0001099263-26-003166,2026-03-13,dera,"T. Rowe Price Associates, Inc."
773757,0001410368-26-060044,2026-06-12,dera,"Columbia Management Investment Advisers, LLC"
777535,0001193125-26-108240,2026-03-16,dera,"TIAA-CREF Investment Management LLC | TIAA-CREF Investment Management, LLC"
778108,0000940400-26-023446,2026-06-12,dera,Nomura Investment Management Business Trust
778207,0001410368-26-024976,2026-03-13,dera,"Transamerica Asset Management, Inc."
783740,0002071691-26-001988,2026-02-12,dera,MASSACHUSETTS FINANCIAL SERVICES COMPANY
783898,0000940400-26-009871,2026-03-12,dera,"Gabelli Funds, LLC"
787441,0002071691-26-000159,2026-01-13,dera,New York Life Investment Management LLC
787623,0001410368-26-024975,2026-03-13,dera,"Transamerica Asset Management, Inc."
787836,0002071691-26-001927,2026-02-06,dera,"Franklin Advisers, Inc."
790166,0000790166-26-000180,2026-03-11,dera,Thrivent Financial for Lutherans
790558,0001752724-24-051540,2024-03-12,dera,"Hartford Funds Management Company, LLC"
792359,0000940400-26-010029,2026-03-13,dera,"Virtus Investment Advisers, LLC"
792858,0001145549-25-050297,2025-07-31,dera,John Hancock Investment Management LLC
793040,0000940400-25-012304,2025-12-15,dera,"Gabelli Funds, LLC"
793159,0000940400-26-000153,2026-01-13,dera,PGIM INVESTMENTS LLC
793347,0001099263-26-003169,2026-03-13,dera,"T. Rowe Price Associates, Inc."
793597,0001410368-26-022628,2026-03-11,dera,"DWS Investment Management Americas, Inc."
793601,0000910472-26-000240,2026-01-14,dera,FCA Corp
793769,0001410368-26-000530,2026-01-12,dera,"Harbor Capital Advisors, Inc."
794389,0001193125-25-238536,2025-10-14,dera,Capital Research and Management Company
794458,0001193125-25-203182,2025-09-15,dera,"Capital International, Inc."
794685,0000940400-26-009875,2026-03-12,dera,"Gabelli Funds, LLC"
795259,0000940400-26-009929,2026-03-12,dera,MUTUAL OF AMERICA CAPITAL MANAGEMENT LLC
795307,0001752724-21-123104,2021-06-14,dera,"SunAmerica Asset Management, LLC"
795402,0002071691-26-005499,2026-03-13,dera,"Franklin Advisers, Inc."
795422,0000035402-26-001448,2026-03-12,dera,Fidelity Management & Research Company LLC
796229,0000940400-25-012311,2025-12-15,dera,"Gabelli Funds, LLC | Teton Advisors, LLC"
798244,0001410368-25-023252,2025-11-14,dera,Massachusetts Financial Services Company
798737,0001752724-25-187671,2025-08-14,dera,AllianceBernstein L.P.
799113,0001752724-25-185901,2025-08-12,dera,"BlackRock Advisors, LLC"
799127,0000799127-25-000027,2025-12-10,dera,"D. E. Shaw Investment Management, LLC | Los Angeles Capital Management LLC | Wellington Management Company LLP"
799295,0000940400-26-009931,2026-03-12,dera,"BNY Mellon Investment Adviser, Inc."
801444,0000894189-26-000371,2026-01-13,dera,"Tocqueville Asset Management, LP"
801961,0001410368-26-000999,2026-01-14,dera,Massachusetts Financial Services Company
802716,0001004726-26-001460,2026-03-12,dera,Victory Capital Management Inc.
803747,0001752724-25-214979,2025-09-12,dera,J.P. Morgan Investment Management Inc.
804116,0001410368-26-022685,2026-03-11,dera,"Royce & Associates, LP"
804239,0001752724-24-284113,2024-12-16,dera,SEI INVESTMENT MANAGEMENT Corporation | SEI Investments Management Corporation
805267,0001410368-25-033739,2025-12-08,dera,abrdn Inc.
806633,0001410368-25-035645,2025-12-12,dera,Wasatch Advisors LP
806636,0000910472-26-004030,2026-03-13,dera,"Southeastern Asset Management, Inc."
807394,0000940400-25-005888,2025-11-13,dera,PGIM INVESTMENTS LLC
809173,0001410368-26-001002,2026-01-14,dera,Massachusetts Financial Services Company
809559,0001410368-26-022541,2026-03-10,dera,TCW Investment Management Company LLC
809593,0001410368-26-061397,2026-06-15,dera,"American Beacon Advisors, Inc."
809707,0002071691-26-000124,2026-01-12,dera,"Franklin Advisers, Inc. | Franklin Templeton Institutional, LLC"
809708,0002071691-25-004308,2025-11-10,dera,Templeton Asset Management Ltd.
809821,0000940400-26-003084,2026-02-13,dera,Nomura Investment Management Business Trust
809844,0001410368-26-011191,2026-02-12,dera,Massachusetts Financial Services Company
810016,0000940400-26-010060,2026-03-16,dera,Nomura Investment Management Business Trust
810573,0001410368-26-022622,2026-03-11,dera,"DWS Investment Management Americas, Inc."
810766,0001410368-26-025088,2026-03-13,dera,UBS Asset Management (Americas) LLC
810893,0001410368-26-057980,2026-06-11,dera,Pacific Investment Management Company LLC
810902,0001410368-25-034333,2025-12-11,dera,"BAMCO, Inc."
810943,0000894189-25-013491,2025-11-13,dera,"Bulldog Investors, LLP"
811030,0001193125-26-267129,2026-06-11,dera,"Osterweis Capital Management, Inc. | Osterweis Capital Management, LLC"
811161,0002066578-26-001216,2026-05-11,dera,Clearwater Management Co Inc.
811860,0001193125-26-050705,2026-02-13,dera,SATURNA CAPITAL CORPORATION
811869,0000811869-26-000073,2026-03-11,dera,Thrivent Asset Management LLC
811968,0001193125-26-012601,2026-01-14,dera,Capital Research and Management Company
811976,0001410368-26-024762,2026-03-13,dera,Van Eck Associates Corporation
812015,0001410368-25-021996,2025-11-13,dera,AllianceBernstein L.P.
812303,0001193125-26-108006,2026-03-16,dera,Capital Research and Management Company
813623,0000894189-26-007604,2026-03-06,dera,"Bulldog Investors, LLP"
813900,0001410368-26-023479,2026-03-12,dera,Pacific Life Fund Advisors LLC
814230,0000940400-26-010062,2026-03-16,dera,Nomura Investment Management Business Trust
814679,0000940400-26-010054,2026-03-13,dera,"AST Investment Services, Inc. | PGIM INVESTMENTS LLC"
815425,0001410368-26-022552,2026-03-10,dera,"Columbia Management Investment Advisers, LLC"
816153,0001410368-25-039003,2025-12-18,dera,"Thornburg Investment Management, Inc."
816753,0000940400-26-000152,2026-01-13,dera,PGIM INVESTMENTS LLC
819118,0000035402-26-002761,2026-05-12,dera,Fidelity Management & Research Company LLC
819673,0002071691-26-000172,2026-01-14,dera,MASSACHUSETTS FINANCIAL SERVICES COMPANY
819930,0001099263-26-003195,2026-03-13,dera,"T. Rowe Price Associates, Inc."
819940,0000940400-26-000124,2026-01-13,dera,"BNY Mellon Investment Adviser, Inc."
820892,0001193125-26-268997,2026-06-12,dera,"Nuveen Fund Advisors, LLC"
822519,0000894189-25-016805,2025-12-11,dera,Concorde Financial Corp.
822632,0001410368-26-023865,2026-03-12,dera,"William Blair Investment Management, LLC"
822671,0002071691-26-005497,2026-03-13,dera,"Franklin Advisers, Inc. | Putnam Investment Management, LLC"
822977,0001410368-26-059827,2026-06-12,dera,"Goldman Sachs Asset Management International | Goldman Sachs Asset Management, L.P."
823535,0000035402-26-001456,2026-03-12,dera,Fidelity Management & Research Company LLC
823620,0001193125-25-318767,2025-12-15,dera,Capital Research and Management Company
824036,0001410368-26-023527,2026-03-12,dera,"Russell Investment Management, LLC"
825063,0002071691-26-005498,2026-03-13,dera,"Franklin Mutual Advisers, LLC"
825202,0001410368-26-024980,2026-03-13,dera,Sprott Asset Management USA Inc.
825316,0001410368-26-023068,2026-03-12,dera,AllianceBernstein L.P.
825345,0001104659-25-089476,2025-09-12,dera,"T. Rowe Price Associates, Inc."
826020,0001049169-26-000034,2026-01-14,dera,"Saba Capital Management, L.P."
826473,0000826473-25-000046,2025-12-10,dera,"PRIMECAP Management Company | The Vanguard Group, Inc. | Wellington Management Company LLP"
826644,0000826644-26-000053,2026-02-12,dera,"Invesco Advisers, Inc."
826732,0001410368-26-000686,2026-01-13,dera,Calamos Advisors LLC
827773,0002071691-25-002488,2025-10-10,dera,"Franklin Advisers, Inc."
828803,0001049169-26-000035,2026-01-14,dera,"Saba Capital Management, L.P."
829901,0001410368-26-025522,2026-03-13,dera,"Lord, Abbett & Co. LLC"
830622,0002071691-25-008000,2025-12-12,dera,"Franklin Advisers, Inc."
830744,0001752724-25-166009,2025-07-11,dera,Wilmington Funds Management Corporation
830779,0000940400-26-009870,2026-03-12,dera,"Gabelli Funds, LLC"
831016,0000035402-26-001458,2026-03-12,dera,Fidelity Management & Research Company LLC
831114,0001145549-25-022764,2025-03-31,dera,"Abbey Capital Limited | Altair Advisers LLC | Boston Partners Global Investments | Boston Partners Global Investors, Inc. | Campbell & Company Investment Adviser LLC | Fm Investments LLC | Matson Money, Inc. | Motley Fool Asset Management | Optima Asset Management LLC | Summit Global Investment, LLC | Summit Global Investments, LLC"
831655,0001410368-26-025086,2026-03-13,dera,Barings LLC
832566,0000940400-26-010050,2026-03-13,dera,"Fred Alger Management, LLC"
832574,0000894189-25-016840,2025-12-12,dera,"Reynolds Capital Management, LLC"
832808,0001410368-25-035951,2025-12-12,dera,AllianceBernstein L.P.
833021,0001410368-26-011187,2026-02-12,dera,Massachusetts Financial Services Company
833040,0002071691-25-004312,2025-11-10,dera,"Franklin Advisers, Inc."
834237,0001752724-25-165975,2025-07-11,dera,"BlackRock Advisors, LLC"
834798,0001099263-26-003197,2026-03-13,dera,"T. Rowe Price Associates, Inc."
835333,0000835333-26-000017,2026-05-14,dera,"Invesco Advisers, Inc."
835597,0002048251-25-003450,2025-12-15,dera,SEI INVESTMENTS MANAGEMENT Corporation
835620,0001410368-26-025368,2026-03-13,dera,"BlackRock Advisors, LLC"
836412,0000940400-26-003091,2026-02-13,dera,"Virtus Investment Advisers, LLC"
836487,0001410368-26-023630,2026-03-12,dera,Morgan Stanley Investment Management Inc.
836622,0002071691-25-008003,2025-12-12,dera,"Franklin Advisers, Inc."
836906,0000836906-25-000268,2025-12-10,dera,"The Vanguard Group, Inc."
837274,0002071691-26-005496,2026-03-13,dera,"Franklin Advisers, Inc. | Franklin Mutual Advisers, LLC | Templeton Asset Management Ltd. | Templeton Global Advisors Limited | Templeton Investment Counsel, LLC"
837276,0000940400-26-010014,2026-03-13,dera,"Voya Investments, LLC"
842790,0000842790-26-000098,2026-05-13,dera,"Invesco Advisers, Inc."
844779,0002071691-26-013301,2026-06-15,dera,"BlackRock Advisors, LLC"
845379,0001752724-25-000101,2025-01-03,dera,"Matthews International Capital Management, LLC"
845606,0001410368-26-011190,2026-02-12,dera,Massachusetts Financial Services Company
845611,0000940400-25-012306,2025-12-15,dera,"Gabelli Funds, LLC"
846676,0001410368-26-025439,2026-03-13,dera,abrdn Investments Limited
847411,0001410368-26-011189,2026-02-12,dera,Massachusetts Financial Services Company
849402,0001752724-25-165983,2025-07-11,dera,"BlackRock Advisors, LLC"
850027,0001140361-26-008241,2026-03-06,dera,Sims Capital Management LLC
851170,0001410368-26-011192,2026-02-12,dera,Massachusetts Financial Services Company
851680,0001193125-25-235929,2025-10-09,dera,Domini Impact Investments LLC
852254,0001099263-26-000012,2026-01-13,dera,"T. Rowe Price Associates, Inc."
853180,0000853180-26-000021,2026-05-14,dera,"Invesco Advisers, Inc."
855396,0001410368-26-025524,2026-03-13,dera,"Lord, Abbett & Co. LLC"
855886,0001193125-26-008415,2026-01-09,dera,John Hancock Investment Management LLC
856128,0001752724-24-001435,2024-01-11,dera,Massachusetts Financial Services Company
857114,0000940400-26-000099,2026-01-12,dera,"BNY Mellon Investment Adviser, Inc."
857489,0000857489-26-000003,2026-01-12,dera,"The Vanguard Group, Inc."
857490,0000857490-26-000150,2026-03-12,dera,"ArrowMark Colorado Holdings, LLC | Baillie Gifford Overseas Ltd | Hotchkis and Wiley Capital Management, LLC | Lazard Asset Management LLC | PRIMECAP Management Company | Schroder Investment Management North America Inc. | The Vanguard Group, Inc. | Wellington Management Company LLP"
858581,0001099263-26-003183,2026-03-13,dera,"T. Rowe Price Associates, Inc."
858744,0001145549-24-078710,2024-12-16,dera,Capital Research and Management Company
860489,0001003715-26-000031,2026-01-08,dera,DWS International GmbH
861469,0001193125-26-009952,2026-01-12,dera,Federated Advisory Services Company | Federated Equity Management Company of Pennsylvania
862084,0000862084-26-000038,2026-03-12,dera,"The Vanguard Group, Inc."
862157,0001410368-26-022621,2026-03-11,dera,"DWS Investment Management Americas, Inc."
863520,0000940400-26-009805,2026-03-11,dera,"FRANKLIN TEMPLETON FUND ADVISER, LLC"
863900,0000894189-25-010864,2025-10-09,dera,Pichardo Asset Management SA de CV
865177,0001752724-25-213656,2025-09-10,dera,"Putnam Investment Management, LLC"
866700,0001145549-24-068099,2024-11-01,dera,Federated Advisory Services Company | Federated Investment Management Company
867297,0001752724-25-214931,2025-09-12,dera,"Virtus Investment Advisers, LLC"
868648,0001752724-25-213652,2025-09-10,dera,"Putnam Investment Management, LLC"
869351,0000869351-26-000048,2026-06-16,dera,"Brown Capital Management, LLC"
869365,0001410368-26-043208,2026-05-12,dera,"Charles Schwab Investment Management, Inc."
870355,0002048251-25-000065,2025-09-12,dera,"COMMUNITY CAPITAL MANAGEMENT, LLC"
870780,0001193125-25-282467,2025-11-14,dera,"Nuveen Fund Advisors, LLC"
871839,0001099263-26-003167,2026-03-13,dera,"T. Rowe Price Associates, Inc."
872625,0002071691-26-005489,2026-03-13,dera,"Franklin Advisers, Inc."
872649,0001410368-26-026208,2026-03-16,dera,"Natixis Advisors, LLC"
874505,0001410368-26-024498,2026-03-13,dera,"Cohen & Steers Capital Management, Inc."
874835,0000940400-26-009800,2026-03-11,dera,"FRANKLIN TEMPLETON FUND ADVISER, LLC"
874964,0001410368-26-024961,2026-03-13,dera,Lazard Asset Management LLC
875186,0001003715-25-001099,2025-11-13,dera,CONSULTING GROUP ADVISORY SERVICES LLC
875352,0000940400-26-000201,2026-01-14,dera,Macquarie Investment Management Business Trust
875610,0000940400-26-003085,2026-02-13,dera,Nomura Investment Management Business Trust
876717,0001410368-26-001021,2026-01-14,dera,ABRDN Asia Limited
877232,0001193125-25-235698,2025-10-09,dera,"GREEN CENTURY CAPITAL MANAGEMENT, INC."
877670,0000940400-25-012307,2025-12-15,dera,"Gabelli Funds, LLC"
878087,0002071691-26-005491,2026-03-13,dera,Templeton Asset Management Ltd.
878719,0002048251-26-001920,2026-03-13,dera,"Fayez Sarofim & Co. | HAMLIN CAPITAL MANAGEMENT,LLC"
879569,0001193125-26-046113,2026-02-11,dera,Federated Advisory Services Company | Federated Investment Management Company
879947,0000940400-26-010072,2026-03-16,dera,AMG Funds LLC
880366,0000940400-26-012946,2026-04-08,dera,"FRANKLIN TEMPLETON FUND ADVISER, LLC"
880406,0001752724-25-215003,2025-09-12,dera,"Thomas J. Herzfeld Advisors, Inc."
880859,0000880859-26-000005,2026-01-14,dera,"Invesco Advisers, Inc."
881309,0002071691-26-009435,2026-05-11,dera,"Franklin Advisers, Inc."
883618,0001193125-26-268994,2026-06-12,dera,"Nuveen Fund Advisors, LLC"
883622,0000940400-26-023447,2026-06-12,dera,Nomura Investment Management Business Trust
883676,0001410368-25-035942,2025-12-12,dera,AllianceBernstein L.P.
884110,0001410368-25-036152,2025-12-12,dera,Calvert Research and Management
884121,0001410368-25-033736,2025-12-08,dera,abrdn Inc.
885709,0000940400-26-000112,2026-01-13,dera,Payden & Rygel
886244,0001752724-25-214596,2025-09-11,dera,UBS Asset Management (Americas) LLC
887147,0001099263-26-003187,2026-03-13,dera,"T. Rowe Price Associates, Inc."
887194,0001410368-26-010608,2026-02-11,dera,"Lord, Abbett & Co. LLC"
887210,0001752724-22-003038,2022-01-14,dera,Aberdeen Standard Investments Inc.
887340,0002071691-26-005502,2026-03-13,dera,New York Life Investment Management LLC
887509,0001752724-25-185834,2025-08-11,dera,"BlackRock Advisors, LLC"
887991,0001752724-24-283563,2024-12-16,dera,PGIM INVESTMENTS LLC
889188,0001752724-22-057426,2022-03-11,dera,"Forward Management, LLC"
889388,0001193125-26-046121,2026-02-11,dera,Federated Advisory Services Company | Federated Investment Management Company
889512,0000940400-26-015909,2026-05-06,dera,"FRANKLIN TEMPLETON FUND ADVISER, LLC"
889519,0000889519-26-000022,2026-03-12,dera,"Baillie Gifford Overseas Ltd | The Vanguard Group, Inc."
890119,0001193125-26-268992,2026-06-12,dera,"Nuveen Fund Advisors, LLC"
890339,0000940400-25-003107,2025-10-10,dera,PGIM INVESTMENTS LLC
890453,0000894189-26-007835,2026-03-13,dera,Wilshire Advisors LLC
890540,0002048251-26-002345,2026-03-13,dera,"CHAMPLAIN INVESTMENT PARTNERS, LLC | Vontobel Asset Management, Inc."
891079,0001752724-24-281509,2024-12-13,dera,"NexPoint Asset Management, L.P."
891160,0000910472-26-002940,2026-02-26,dera,"Schwartz Investment Counsel, Inc."
891190,0000891190-25-000112,2025-11-12,dera,"The Vanguard Group, Inc."
891290,0001410368-26-024501,2026-03-13,dera,"Cohen & Steers Capital Management, Inc."
891944,0000894189-26-000308,2026-01-13,dera,Hennessy Advisors Inc.
892071,0001410368-26-000568,2026-01-12,dera,TCW Investment Management Company LLC
892538,0001410368-26-037212,2026-04-16,dera,"SunAmerica Asset Management, LLC"
892657,0000910472-26-003899,2026-03-10,dera,"Johnson Investment Counsel, Inc."
893660,0001752724-25-022409,2025-02-12,dera,"Amundi Asset Management US, Inc."
893730,0002000324-25-003788,2025-10-09,dera,"Viking Fund Management, LLC"
893739,0000893739-25-000016,,filing,
893783,0000940400-26-009884,2026-03-12,dera,"Gabelli Funds, LLC"
894005,0001193125-26-050393,2026-02-13,dera,Capital Research and Management Company
895430,0000940400-26-000208,2026-01-14,dera,"Voya Investments, LLC"
896162,0001410368-26-000557,2026-01-12,dera,Dimensional Fund Advisors LP
896163,0001410368-26-000558,2026-01-12,dera,Dimensional Fund Advisors LP
896435,0000896435-26-000190,2026-03-16,dera,"Invesco Advisers, Inc."
896975,0000940400-26-022466,2026-06-01,dera,"Tweedy, Browne Company LLC"
897802,0000894189-26-007594,2026-03-05,dera,"Bulldog Investors, LLP"
898031,0001410368-26-000529,2026-01-12,dera,"Lord, Abbett & Co. LLC"
898745,0000898745-26-000013,2026-01-14,dera,"Principal Global Investors, LLC"
899148,0000940400-26-023463,2026-06-15,dera,"Security Investors, LLC"
899774,0001752724-25-186551,2025-08-13,dera,AllianceBernstein L.P.
901243,0001410368-25-014330,2025-10-14,dera,"BlackRock Advisors, LLC"
901246,0000940400-25-012177,2025-12-03,dera,"Gabelli Funds, LLC"
902259,0001099263-26-003168,2026-03-13,dera,"T. Rowe Price Associates, Inc."
904333,0001410368-26-057848,2026-06-11,dera,"Charles Schwab Investment Management, Inc."
906013,0001410368-26-057632,2026-06-10,dera,AllianceBernstein L.P.
906185,0000906185-26-000005,2026-03-16,dera,JANUS HENDERSON INVESTORS US LLC
906236,0000940400-25-005855,2025-11-13,dera,Macquarie Investment Management Business Trust
906352,0002071691-26-000167,2026-01-14,dera,"First Eagle Investment Management, LLC"
908187,0000908187-25-000033,2025-09-11,dera,Pacific Investment Management Company LLC
908695,0001004726-26-003366,2026-05-11,dera,Victory Capital Management Inc.
909112,0002071691-26-005495,2026-03-13,dera,"Franklin Advisers, Inc."
909221,0001752724-23-127878,2023-06-07,dera,J.P. Morgan Investment Management Inc.
909226,0001752724-24-247807,2024-11-12,dera,Templeton Asset Management Ltd.
909466,0000909466-26-000169,2026-05-13,dera,"Invesco Advisers, Inc."
909504,0000940400-26-009900,2026-03-12,dera,"Gabelli Funds, LLC"
909994,0000940400-26-000196,2026-01-14,dera,Bessemer Investment Management LLC
910068,0000940400-25-012196,2025-12-08,dera,"FRANKLIN TEMPLETON FUND ADVISER, LLC"
910671,0001099263-26-003170,2026-03-13,dera,"T. Rowe Price Associates, Inc."
910682,0000940400-26-000202,2026-01-14,dera,Macquarie Investment Management Business Trust
911415,0000940400-26-000199,2026-01-14,dera,"Fred Alger Management, LLC"
911507,0001410368-26-010607,2026-02-11,dera,"Lord, Abbett & Co. LLC"
912036,0000940400-26-000211,2026-01-14,dera,AMG Funds LLC
912147,0001410368-26-022684,2026-03-11,dera,"Royce & Associates, LP"
912577,0000912577-26-000005,2026-03-04,dera,Federated Advisory Services Company | Federated Equity Management Company of Pennsylvania | Federated Global Investment Management Corp. | Federated Investment Management Company
914036,0001410368-26-022315,2026-03-06,dera,Lincoln Financial Investments Corporation
914209,0002071691-25-007998,2025-12-12,dera,"Franklin Advisers, Inc."
914243,0001145549-24-078477,2024-12-10,dera,"Touchstone Advisors, Inc."
914775,0000940400-26-000101,2026-01-12,dera,"BNY Mellon Investment Adviser, Inc."
915092,0001410368-26-026203,2026-03-16,dera,"BlackRock Advisors, LLC | BlackRock Fund Advisors"
915802,0001049169-26-000014,2026-01-13,dera,"ALPS Advisors, Inc."
915845,0001410368-26-001017,2026-01-14,dera,AllianceBernstein L.P.
916006,0001752724-25-213491,2025-09-09,dera,"Bridgeway Capital Management, LLC"
916053,0001410368-25-035955,2025-12-12,dera,"MML Investment Advisers, LLC"
916183,0000916183-25-000031,2025-09-11,dera,Pacific Investment Management Company LLC
916488,0002071691-26-005493,2026-03-13,dera,Templeton Global Advisors Limited
916490,0001004726-26-001457,2026-03-10,dera,"Timothy Partners, Ltd."
916620,0002066578-26-002026,2026-06-10,dera,"Northern Trust Investments, Inc."
916622,0001410368-26-023480,2026-03-12,dera,"TIFF Advisory Services, LLC"
917100,0001410368-26-025438,2026-03-13,dera,ABRDN Asia Limited
917124,0000940400-26-010063,2026-03-16,dera,"Firsthand Capital Management, Inc."
917469,0001410368-26-026202,2026-03-16,dera,"Natixis Advisors, LLC"
918199,0001193125-26-046116,2026-02-11,dera,Federated Advisory Services Company | Federated Global Investment Management Corp. | Federated Investment Management Company
918266,0001410368-26-024758,2026-03-13,dera,"Charles Schwab Investment Management, Inc."
918292,0001099263-26-003186,2026-03-13,dera,"T. Rowe Price Associates, Inc."
918294,0001099263-26-003175,2026-03-13,dera,"T. Rowe Price Associates, Inc."
918571,0001410368-26-025049,2026-03-13,dera,Massachusetts Financial Services Company
918706,0001410368-26-000610,2026-01-13,dera,Boston Management and Research
918949,0001145549-23-001323,2023-01-13,dera,"THOMAS WHITE INTERNATIONAL, LTD."
919160,0001398344-26-005280,2026-03-16,dera,"Guinness Atkinson Asset Management, Inc."
919567,0001193125-26-105406,2026-03-13,dera,HORIZON KINETICS ASSET MANAGEMENT LLC
919893,0002071691-26-005500,2026-03-13,dera,"Templeton Asset Management Ltd. | Templeton Investment Counsel, LLC"
921370,0001410368-26-000617,2026-01-13,dera,Boston Management and Research
921671,0000940400-26-009885,2026-03-12,dera,"Gabelli Funds, LLC"
922457,0001752724-25-213631,2025-09-10,dera,"BlackRock Advisors, LLC"
923084,0000923084-25-000077,2025-08-13,dera,"T. Rowe Price Associates, Inc."
923184,0000940400-26-009746,2026-03-10,dera,"Matthews International Capital Management, LLC"
923202,0000923202-26-000038,2026-03-12,dera,"The Vanguard Group, Inc."
923524,0001193125-26-108241,2026-03-16,dera,"Teachers Advisors, LLC"
924628,0000910472-25-003372,2025-11-14,dera,"Saratoga Capital Management, LLC"
924727,0001193125-26-105917,2026-03-13,dera,"FIRST PACIFIC ADVISORS, LP"
925683,0001193125-26-101665,2026-03-11,dera,John Hancock Investment Management LLC
925723,0001193125-26-009954,2026-01-12,dera,Federated Advisory Services Company | Federated Investment Management Company
925950,0001193125-25-238541,2025-10-14,dera,Capital Research and Management Company
926678,0001145549-23-076078,2023-12-14,dera,Brandes Investment Partners LP
927384,0000035402-26-001455,2026-03-12,dera,Fidelity Management & Research Company LLC
927972,0001410368-25-035956,2025-12-12,dera,"MML Investment Advisers, LLC"
929521,0001410368-26-022556,2026-03-10,dera,"Columbia Management Investment Advisers, LLC"
929523,0000940400-26-000155,2026-01-13,dera,PGIM INVESTMENTS LLC
930007,0001410368-25-014338,2025-10-14,dera,UBS Asset Management (Americas) LLC
930667,0001004726-26-004645,2026-06-15,dera,BlackRock Fund Advisors
930709,0001752724-25-055951,2025-03-14,dera,"Amundi Asset Management US, Inc."
932101,0002071691-26-009434,2026-05-11,dera,"Putnam Investment Management, LLC"
932471,0000932471-25-001212,2025-12-10,dera,"Baillie Gifford Overseas Ltd | PRIMECAP Management Company | Pzena Investment Management, LLC | The Vanguard Group, Inc. | Wellington Management Company LLP"
933188,0001410368-26-000609,2026-01-13,dera,Boston Management and Research
933691,0000933691-26-000118,2026-03-12,dera,"Jackson National Asset Management, LLC"
934563,0001752724-25-214586,2025-09-11,dera,"HC Capital Solutions an operating division of Hirtle Callaghan & Co., LLC"
934699,0001752724-20-050125,2020-03-16,dera,MUTUAL OF AMERICA CAPITAL MANAGEMENT LLC
935015,0002071691-25-007976,2025-12-11,dera,Artisan Partners Limited Partnership
939934,0002048251-25-000033,2025-08-14,dera,SEI Investments Management Corporation
945908,0000035402-26-000063,2026-01-13,dera,Fidelity Management & Research Company LLC
946110,0001410368-26-000875,2026-01-13,dera,UBS Asset Management (Americas) LLC
948258,0001410368-26-025595,2026-03-13,dera,"M Financial Investment Advisers, Inc."
949512,0001752724-24-283561,2024-12-16,dera,PGIM INVESTMENTS LLC
949820,0000949820-25-000030,2025-08-13,dera,"T. Rowe Price Associates, Inc."
1000351,0001145549-24-078043,2024-12-05,dera,"The Leuthold Group, LLC"
1002427,0001410368-26-023632,2026-03-12,dera,Morgan Stanley Investment Management Inc.
1002624,0001099263-26-003182,2026-03-13,dera,"T. Rowe Price Associates, Inc."
1002667,0001410368-26-024752,2026-03-13,dera,Boston Management and Research
1002718,0001752724-20-002883,2020-01-10,dera,AllianceBernstein L.P.
1003239,0001410368-26-058075,2026-06-11,dera,"SunAmerica Asset Management, LLC"
1003839,0001162044-26-000257,2026-03-10,dera,Matthew 25 Management Corp.
1004655,0001004655-26-000003,2026-01-12,dera,"Baillie Gifford Overseas Ltd | Cooke & Bieler, LP | Donald Smith & Co., Inc. | Pzena Investment Management, LLC | Schroder Investment Management North America Inc. | The Vanguard Group, Inc. | Wellington Management Company LLP"
1005020,0001752724-25-197098,2025-08-21,dera,"Virtus Investment Advisers, LLC"
1005942,0002071691-26-009433,2026-05-11,dera,"Franklin Advisers, Inc."
1006373,0001410368-26-022626,2026-03-11,dera,"DWS Investment Management Americas, Inc."
1006387,0001410368-26-022681,2026-03-11,dera,"Royce & Associates, LP"
1006415,0001410368-26-000838,2026-01-13,dera,"Hartford Funds Management Company, LLC"
1011006,0001193125-26-071687,2026-02-25,dera,Morgan Stanley Smith Barney LLC
1011378,0001410368-26-023636,2026-03-12,dera,Morgan Stanley Investment Management Inc.
1012678,0001099263-26-003188,2026-03-13,dera,"T. Rowe Price Associates, Inc."
1012968,0001099263-26-003173,2026-03-13,dera,"T. Rowe Price Associates, Inc."
1013881,0001193125-25-200846,2025-09-11,dera,"Nuveen Fund Advisors, LLC"
1014913,0001145549-25-058151,2025-09-09,dera,"Frontegra Asset Management, Inc."
1015965,0000940400-26-010018,2026-03-13,dera,"Voya Investments, LLC"
1016073,0002066578-26-000892,2026-03-10,dera,Driehaus Capital Management LLC
1018170,0002066578-26-000030,2026-01-13,dera,Harding Loevner LP
1018368,0001752724-25-022485,2025-02-12,dera,AllianceBernstein L.P.
1018592,0001410368-26-001037,2026-01-14,dera,AllianceBernstein L.P.
1018593,0000940400-26-010027,2026-03-13,dera,"Virtus Investment Advisers, LLC"
1018972,0001193125-25-179904,2025-08-13,dera,"Nuveen Fund Advisors, LLC"
1018973,0001193125-25-179910,2025-08-13,dera,"Nuveen Fund Advisors, LLC"
1019286,0001099263-26-003177,2026-03-13,dera,"T. Rowe Price Associates, Inc."
1020425,0001410368-26-023637,2026-03-12,dera,"IM Global Partner Fund Management, LLC"
1020660,0001193125-26-268995,2026-06-12,dera,"Nuveen Fund Advisors, LLC"
1020661,0001193125-25-179905,2025-08-13,dera,"Nuveen Fund Advisors, LLC"
1021882,0001021882-25-000227,2025-11-12,dera,"Ariel Investments, LLC | Frontier Capital Management Company, LLC | The Vanguard Group, Inc. | Wellington Management Company LLP"
1022804,0002071691-26-005490,2026-03-13,dera,"Franklin Advisers, Inc."
1025836,0001410368-26-026199,2026-03-16,dera,"BlackRock Advisors, LLC"
1026144,0001410368-26-026200,2026-03-16,dera,"BlackRock Advisors, LLC"
1026634,0001410368-25-034175,2025-12-10,dera,Renaissance Capital LLC
1026977,0001752724-24-279129,2024-12-10,dera,"City National Rochdale, LLC"
1027263,0002071691-26-013042,2026-06-03,dera,"Equitable Investment Management Group, LLC"
1027596,0001193125-26-223262,2026-05-14,dera,Pzena Investment Management LLC
1028621,0001410368-26-057845,2026-06-11,dera,"Metropolitan West Asset Management, LLC"
1031661,0000940400-26-000195,2026-01-14,dera,Third Avenue Management LLC
1032423,0000910472-26-004067,2026-03-16,dera,"Diamond Hill Capital Management, Inc."
1033669,0001410368-26-024962,2026-03-13,dera,Lazard Asset Management LLC
1033969,0001410368-26-024499,2026-03-13,dera,"Cohen & Steers Capital Management, Inc."
1034106,0001034106-26-000005,2026-03-04,dera,Federated Advisory Services Company | Federated Investment Management Company
1035018,0000940400-26-000160,2026-01-13,dera,PGIM INVESTMENTS LLC
1038490,0001099263-26-004481,2026-05-12,dera,"T. Rowe Price Associates, Inc."
1039001,0000940400-26-010015,2026-03-13,dera,"Voya Investments, LLC"
1039667,0000910472-26-003957,2026-03-12,dera,Spirit of America Management Corp.
1039803,0000910472-26-003966,2026-03-12,dera,ProFund Advisors LLC
1041673,0001193125-25-200845,2025-09-11,dera,"Nuveen Fund Advisors, LLC"
1041917,0001410368-26-024500,2026-03-13,dera,"Cohen & Steers Capital Management, Inc."
1045487,0001752724-25-214857,2025-09-12,dera,"James Investment Research, Inc."
1045701,0001162044-25-001146,2025-11-06,dera,Park Place Capital Corporation
1047112,0001193125-25-317469,2025-12-12,dera,"MARSICO CAPITAL MANAGEMENT, LLC"
1047304,0001099263-26-003231,2026-03-13,dera,Pacific Investment Management Company LLC
1048133,0001145549-22-036687,2022-06-14,dera,Macquarie Investment Management Business Trust
1048702,0002071691-26-013290,2026-06-11,dera,NATIONWIDE FUND ADVISORS
1051003,0001410368-26-027063,2026-03-17,dera,"BlackRock Advisors, LLC"
1051219,0001162044-26-000131,2026-02-09,dera,"Tanaka Capital Management, Inc."
1051562,0000940400-26-023400,2026-06-11,dera,PGIM INVESTMENTS LLC
1053425,0001410368-26-022446,2026-03-09,dera,"Hartford Funds Management Company, LLC"
1056707,0000940400-26-009934,2026-03-12,dera,"BNY Mellon Investment Adviser, Inc."
1058239,0001752724-25-164839,2025-07-07,dera,"FRANKLIN TEMPLETON FUND ADVISER, LLC"
1059040,0001752724-21-052647,2021-03-15,dera,"SunAmerica Asset Management, LLC"
1059386,0001059386-26-000021,2026-05-14,dera,"Invesco Advisers, Inc."
1061353,0001410368-26-000860,2026-01-13,dera,UBS Asset Management (Americas) LLC
1062374,0001752724-20-228030,2020-11-13,dera,The Variable Annuity Life Insurance Company
1063946,0001752724-25-185851,2025-08-11,dera,"Voya Investments, LLC"
1064046,0000913181-26-000348,2026-03-13,dera,"Security Investors, LLC"
1064642,0001410368-26-040180,2026-04-24,dera,"SSGA Funds Management, Inc."
1066602,0000940400-26-023364,2026-06-09,dera,"Voya Investments, LLC"
1067442,0000940400-26-000154,2026-01-13,dera,PGIM INVESTMENTS LLC
1068204,0001193125-26-108244,2026-03-16,dera,"Teachers Advisors, LLC"
1068663,0001752724-25-054687,2025-03-13,dera,Victory Capital Management Inc.
1068897,0000910472-26-002934,2026-02-26,dera,Midas Management Corporation
1068963,0001145549-20-074156,2020-12-10,dera,"Legg Mason Partners Fund Advisor, LLC"
1070222,0002048251-25-000064,2025-09-12,dera,SEI INVESTMENTS MANAGEMENT CORPORATION
1070287,0000940400-26-000151,2026-01-13,dera,PGIM INVESTMENTS LLC
1070732,0001752724-25-213166,2025-09-04,dera,Eaton Vance Management
1071196,0000894189-25-016766,2025-12-11,dera,"Kirr, Marbach & Company, LLC"
1071336,0001145549-24-068983,2024-11-14,dera,"Nuveen Fund Advisors, LLC"
1072428,0001145549-20-015496,2020-03-16,dera,"Jackson National Asset Management, LLC"
1073330,0001193125-26-012603,2026-01-14,dera,Capital Research and Management Company
1075065,0001752724-25-213253,2025-09-05,dera,"Focus Partners Advisor Solutions, LLC"
1077452,0001752724-24-282096,2024-12-13,dera,"Amundi Asset Management US, Inc."
1080720,0000940400-26-009897,2026-03-12,dera,"Gabelli Funds, LLC"
1081400,0001410368-26-057343,2026-06-08,dera,"Allspring Funds Management, LLC"
1083387,0000894189-26-007858,2026-03-13,dera,Horizon Kinetics Asset Management
1084060,0001084060-26-000002,2026-03-12,dera,"Davis Selected Advisers, L.P."
1084380,0001193125-26-268990,2026-06-12,dera,"Teachers Advisors, LLC"
1087961,0001752724-25-165180,2025-07-09,dera,"Allspring Funds Management, LLC"
1087966,0000940400-26-009887,2026-03-12,dera,"Gabelli Funds, LLC"
1089951,0000940400-26-010071,2026-03-16,dera,AMG Funds LLC
1090116,0001193125-26-012729,2026-01-14,dera,"Nuveen Fund Advisors, LLC"
1090372,0001145549-24-068956,2024-11-13,dera,Jacob Asset Management of New York LLC
1091439,0001004726-26-001522,2026-03-13,dera,Allianz Investment Management LLC
1092720,0000940400-26-023462,2026-06-15,dera,"Security Investors, LLC"
1093428,0001145549-23-062126,2023-10-11,dera,"Nuveen Fund Advisors, LLC"
1094521,0001752724-25-001273,2025-01-10,dera,"Amundi Asset Management US, Inc."
1094885,0001410368-26-023642,2026-03-12,dera,"SSGA Funds Management, Inc."
1095789,0001145549-21-074337,2021-12-10,dera,"BlackRock Advisors, LLC"
1096903,0001410368-26-024506,2026-03-13,dera,"Cohen & Steers Capital Management, Inc."
1097077,0001752724-25-185831,2025-08-11,dera,"BlackRock Advisors, LLC"
1097290,0001145549-20-044903,2020-08-07,dera,"BlackRock Advisors, LLC"
1097293,0001752724-25-185832,2025-08-11,dera,"BlackRock Advisors, LLC"
1097519,0001410368-26-060045,2026-06-12,dera,"Columbia Management Investment Advisers, LLC"
1098605,0001099263-26-003224,2026-03-13,dera,Pacific Investment Management Company LLC
1099692,0000940400-26-012948,2026-04-09,dera,PGIM INVESTMENTS LLC
1100663,0001004726-26-004646,2026-06-15,dera,BlackRock Fund Advisors
1104631,0000940400-26-016195,2026-05-12,dera,PGIM INVESTMENTS LLC
1105076,0001752724-25-187800,2025-08-14,dera,"Water Island Capital, LLC"
1105446,0001410368-25-036151,2025-12-12,dera,Calvert Research and Management
1107414,0001410368-26-023649,2026-03-12,dera,"SSGA Funds Management, Inc."
1109441,0002071691-25-002494,2025-10-10,dera,"Franklin Advisers, Inc."
1109957,0001752724-25-213193,2025-09-04,dera,"Cullen Capital Management, LLC"
1111565,0000940400-25-005881,2025-11-13,dera,"BNY Mellon Investment Adviser, Inc."
1112996,0001112996-25-000110,2025-11-14,dera,"Invesco Advisers, Inc."
1113229,0000894189-26-007857,2026-03-13,dera,Horizon Kinetics Asset Management
1116626,0001099263-26-003180,2026-03-13,dera,"T. Rowe Price Associates, Inc."
1116914,0001410368-26-000612,2026-01-13,dera,Boston Management and Research
1120543,0000940400-26-009925,2026-03-12,dera,Baillie Gifford Overseas Limited
1120925,0001099263-26-000014,2026-01-13,dera,"T. Rowe Price Associates, Inc."
1121746,0001410368-26-024753,2026-03-13,dera,Eaton Vance Management
1124459,0002071691-25-002497,2025-10-10,dera,"Franklin Templeton Institutional, LLC | Franklin Templeton Investment Management Ltd."
1124959,0000940400-26-015966,2026-05-11,dera,"Voya Investments, LLC"
1126087,0001410368-26-022705,2026-03-11,dera,"Brighthouse Investment Advisers, LLC"
1131013,0002066578-26-000896,2026-03-11,dera,"GuideStone Capital Management, LLC"
1131042,0001193125-26-270949,2026-06-15,dera,AssetMark Inc.
1135300,0000894189-26-017646,2026-06-08,dera,"Kornitzer Capital Management, Inc."
1137360,0001410368-26-024760,2026-03-13,dera,Van Eck Absolute Return Advisers Corporation | Van Eck Associates Corporation
1137761,0001752724-23-127816,2023-06-07,dera,Pacific Life Fund Advisors LLC
1137887,0001193125-26-012730,2026-01-14,dera,"Nuveen Fund Advisors, LLC"
1139819,0001410368-25-014221,2025-10-10,dera,"Lord, Abbett & Co. LLC"
1140157,0001752724-25-001270,2025-01-10,dera,"Amundi Asset Management US, Inc."
1140882,0001752724-20-002401,2020-01-08,dera,Boston Management and Research
1140884,0001752724-25-002016,2025-01-14,dera,Boston Management and Research
1141819,0001193125-26-216958,2026-05-11,dera,"Bright Rock Capital Management, LLC | Bright Rock Capital Management, LLC. | Dearborn Partners L.L.C."
1145022,0000894189-25-006877,2025-09-11,dera,"Hotchkis & Wiley Capital Management, LLC"
1156906,0002048251-25-003449,2025-12-15,dera,CAUSEWAY CAPITAL MANAGEMENT LLC
1157842,0001410368-26-024495,2026-03-13,dera,"Cohen & Steers Capital Management, Inc."
1160864,0001410368-26-025353,2026-03-13,dera,"BlackRock Advisors, LLC"
1160990,0001160990-25-000031,2025-09-11,dera,Pacific Investment Management Company LLC
1163792,0000940400-26-009808,2026-03-11,dera,"Western Asset Management Company, LLC"
1166258,0000940400-26-023431,2026-06-12,dera,Victory Capital Management Inc.
1166729,0001410368-25-035948,2025-12-12,dera,AllianceBernstein L.P.
1168164,0001410368-25-034454,2025-12-11,dera,"SSGA Funds Management, Inc."
1169187,0001169187-25-000077,2025-08-13,dera,"T. Rowe Price Associates, Inc."
1174520,0001752724-24-250393,2024-11-14,dera,"Amundi Asset Management US, Inc."
1174610,0001752724-25-186802,2025-08-13,dera,PROSHARE ADVISORS LLC
1176343,0000940400-26-009799,2026-03-11,dera,"FRANKLIN TEMPLETON FUND ADVISER, LLC"
1178841,0001752724-23-000893,2023-01-12,dera,Neuberger Berman Investment Advisers LLC
1190935,0001190935-25-000031,2025-09-11,dera,Pacific Investment Management Company LLC
1196878,0001413042-26-000180,2026-03-11,dera,PARADIGM FUNDS ADVISOR LLC
1199046,0000910472-26-008907,2026-06-11,dera,"Absolute Investment Advisers, LLC | Dean Investment Associates, LLC"
1208133,0000940400-26-010025,2026-03-13,dera,"Virtus Investment Advisers, LLC"
1209466,0001752724-25-166789,2025-07-14,dera,Invesco Capital Management LLC
1210123,0001752724-25-165178,2025-07-09,dera,"Allspring Funds Management, LLC"
1214935,0000940400-26-012988,2026-04-14,dera,"Virtus Investment Advisers, LLC"
1217286,0002071691-26-009451,2026-05-13,dera,J.P. Morgan Investment Management Inc.
1217673,0001410368-26-025046,2026-03-13,dera,"BAMCO, Inc."
1219064,0000940400-26-000197,2026-01-14,dera,"Fred Alger Management, LLC"
1219360,0001219360-25-000031,2025-09-11,dera,Pacific Investment Management Company LLC
1221845,0000940400-26-023459,2026-06-15,dera,"BlackRock Advisors, LLC"
1222401,0001410368-26-025362,2026-03-13,dera,"BlackRock Advisors, LLC"
1222922,0001410368-26-057190,2026-06-04,dera,Eaton Vance Management
1224450,0001410368-26-024497,2026-03-13,dera,"Cohen & Steers Capital Management, Inc."
1227073,0001410368-26-000514,2026-01-12,dera,"Allspring Funds Management, LLC"
1227476,0001193125-25-238701,2025-10-14,dera,"Nuveen Fund Advisors, LLC"
1227523,0000940400-26-023448,2026-06-12,dera,Nomura Investment Management Business Trust
1227857,0000940400-26-012984,2026-04-14,dera,"Virtus Investment Advisers, LLC"
1228509,0001752724-25-185673,2025-08-08,dera,"FRANKLIN TEMPLETON FUND ADVISER, LLC"
1230869,0001049169-26-000150,2026-02-10,dera,"Merk Investments, LLC"
1233087,0002071691-26-005492,2026-03-13,dera,"Franklin Advisers, Inc."
1233681,0001410368-26-027065,2026-03-17,dera,"BlackRock Advisors, LLC"
1244183,0001244183-25-000031,2025-09-11,dera,Pacific Investment Management Company LLC
1251896,0000894189-26-007887,2026-03-13,dera,AEGIS FINANCIAL CORPORATION
1253327,0001410368-26-000607,2026-01-13,dera,Eaton Vance Management
1255821,0001145549-22-016231,2022-03-16,dera,"Nuveen Fund Advisors, LLC"
1258623,0001410368-26-000614,2026-01-13,dera,Eaton Vance Management
1259708,0001410368-26-027062,2026-03-17,dera,"BlackRock Advisors, LLC"
1260563,0000940400-26-012983,2026-04-14,dera,"Virtus Investment Advisers, LLC"
1260729,0000940400-26-009873,2026-03-12,dera,"Gabelli Funds, LLC"
1261166,0001410368-26-000845,2026-01-13,dera,Neuberger Berman Investment Advisers LLC
1261788,0001145549-24-016584,2024-03-15,dera,"1919 Investment Counsel, LLC | Patient Capital Management, LLC"
1264926,0001752724-23-276350,2023-12-11,dera,"BlackRock Advisors, LLC"
1265708,0001145549-22-016222,2022-03-16,dera,"Nuveen Fund Advisors, LLC"
1266585,0001193125-26-012738,2026-01-14,dera,"Nuveen Fund Advisors, LLC"
1267862,0001099263-26-003171,2026-03-13,dera,"T. Rowe Price Associates, Inc."
1268533,0000894189-26-003668,2026-02-13,dera,Tortoise Capital Advisors LLC
1270523,0001410368-26-000604,2026-01-13,dera,Eaton Vance Management
1272950,0000940400-26-023369,2026-06-09,dera,RBC Global Asset Management (US) Inc.
1274676,0001752724-25-165719,2025-07-10,dera,AllianceBernstein L.P.
1274768,0001752724-21-002591,2021-01-14,dera,"SunAmerica Asset Management, LLC"
1275617,0001410368-26-024502,2026-03-13,dera,"Cohen & Steers Capital Management, Inc."
1276533,0001193125-25-238700,2025-10-14,dera,"Nuveen Fund Advisors, LLC"
1279014,0001410368-25-021523,2025-11-07,dera,"Allspring Funds Management, LLC"
1279392,0001193125-26-259549,2026-06-05,dera,"ENDOWMENT ADVISERS, L.P. d/b/a CYPRESS CREEK PARTNERS"
1281790,0001281790-25-000002,2025-09-16,dera,"Camelot Event-Driven Advisors, LLC | Frank Capital Partners, LLC"
1281926,0001410368-26-000598,2026-01-13,dera,Eaton Vance Management
1282850,0001752724-25-185705,2025-08-08,dera,First Trust Advisors L.P.
1282957,0000940400-26-009878,2026-03-12,dera,"Gabelli Funds, LLC"
1285890,0000940400-26-015970,2026-05-11,dera,"Voya Investments, LLC"
1286087,0000894189-26-000364,2026-01-13,dera,"Perritt Capital Management, Inc."
1287480,0001410368-26-025357,2026-03-13,dera,"BlackRock Advisors, LLC"
1287498,0001410368-26-000599,2026-01-13,dera,Eaton Vance Management
1288992,0001752724-25-186398,2025-08-12,dera,Eaton Vance Management
1289213,0001145549-23-062120,2023-10-11,dera,"Nuveen Fund Advisors, LLC"
1293613,0000910472-26-001319,2026-02-12,dera,"KA Fund Advisors, LLC"
1293967,0001193125-26-011751,2026-01-13,dera,PRIMECAP Management Company
1296250,0001296250-25-000031,2025-09-11,dera,Pacific Investment Management Company LLC
1300746,0000894189-26-014620,2026-05-08,dera,"Intrepid Capital Management, Inc."
1301708,0001004726-26-001521,2026-03-13,dera,Allianz Investment Management LLC
1303459,0000035402-25-001566,2025-11-12,dera,Fidelity Management & Research Company LLC
1305767,0000940400-26-003074,2026-02-12,dera,Victory Capital Management Inc.
1306550,0001410368-26-025360,2026-03-13,dera,"BlackRock Advisors, LLC"
1307144,0001752724-24-002654,2024-01-12,dera,"Cohen & Steers Capital Management, Inc."
1313510,0000940400-26-009899,2026-03-12,dera,"Gabelli Funds, LLC"
1314414,0000910472-26-004061,2026-03-16,dera,"BTS Asset Management, Inc. | Biondo Investment Advisors, LLC | TRANSWESTERN CAPITAL ADVISORS, LLC"
1314966,0001410368-26-025350,2026-03-13,dera,"BlackRock Advisors, LLC"
1316463,0001316463-26-000002,2026-01-14,dera,Clough Capital Partners L.P.
1316506,0001316506-26-000004,2026-03-12,dera,"Davis Selected Advisers, L.P."
1317146,0001410368-26-023629,2026-03-12,dera,"MML Investment Advisers, LLC"
1317474,0001410368-26-000842,2026-01-13,dera,Neuberger Berman Investment Advisers LLC
1318025,0001318025-25-000031,2025-09-11,dera,Pacific Investment Management Company LLC
1318342,0001193125-26-101363,2026-03-11,dera,"Liberty Street Advisors, Inc. | WCM Investment Management, LLC"
1319067,0002000324-26-000444,2026-02-13,dera,"M3Sixty Capital, LLC"
1320375,0001410368-26-025351,2026-03-13,dera,"BlackRock Advisors, LLC"
1320615,0001410368-26-057337,2026-06-08,dera,Mercer Investments LLC
1323737,0001752724-25-165977,2025-07-11,dera,"BlackRock Advisors, LLC"
1324203,0000940400-25-012310,2025-12-15,dera,"Gabelli Funds, LLC"
1324285,0001752724-25-165982,2025-07-11,dera,"BlackRock Advisors, LLC"
1329954,0001193125-26-253079,2026-06-02,dera,John Hancock Investment Management LLC
1331854,0001752724-24-226594,2024-10-11,dera,"Amundi Asset Management US, Inc."
1331971,0001331971-26-000004,2026-05-28,dera,John Hancock Investment Management LLC
1332283,0001410368-26-025359,2026-03-13,dera,"BlackRock Advisors, LLC"
1332943,0000940400-26-015969,2026-05-11,dera,"Voya Investments, LLC"
1341256,0001752724-24-250396,2024-11-14,dera,"Amundi Asset Management US, Inc."
1343793,0001410368-25-014334,2025-10-14,dera,"BlackRock Advisors, LLC"
1345125,0000894189-26-017909,2026-06-17,dera,"CYBER HORNET ETFs, LLC | ONEFUND, LLC"
1350487,0000940400-26-023461,2026-06-15,dera,"WisdomTree Asset Management, Inc."
1350869,0001350869-26-000002,2026-01-14,dera,Clough Capital Partners L.P.
1352280,0001410368-26-042611,2026-05-06,dera,"Columbia Management Investment Advisers, LLC"
1354917,0002048251-25-000060,2025-09-11,dera,"NexPoint Asset Management, L.P."
1355064,0000910472-26-008994,2026-06-12,dera,AlphaCentric Advisors LLC
1356115,0001752724-22-062867,2022-03-16,dera,"NexPoint Advisors, L.P."
1359057,0001193125-26-260971,2026-06-08,dera,"Pemberwick Investment Advisors, LLC"
1363438,0001752724-22-056017,2022-03-10,dera,First Trust Advisors L.P.
1364608,0001752724-24-283612,2024-12-16,dera,First Trust Advisors L.P.
1364923,0001752724-23-246310,2023-11-13,dera,Fidelity Management & Research Company LLC
1364924,0000035402-26-002762,2026-05-12,dera,Strategic Advisers LLC
1370177,0001049169-25-001040,2025-12-10,dera,"RiverNorth Capital Management, LLC"
1378701,0000940400-26-009902,2026-03-12,dera,"Gabelli Funds, LLC"
1378872,0001378872-26-000052,2026-01-14,dera,Invesco Capital Management LLC
1379384,0001410368-26-025346,2026-03-13,dera,"BlackRock Advisors, LLC"
1380192,0001752724-25-001274,2025-01-10,dera,"Amundi Asset Management US, Inc."
1380786,0001193125-26-108225,2026-03-16,dera,"Nuveen Fund Advisors, LLC"
1380936,0001752724-25-186728,2025-08-13,dera,"Guggenheim Funds Investment Advisors, LLC"
1383441,0000940400-26-012985,2026-04-14,dera,"Virtus Investment Advisers, LLC"
1383496,0000940400-25-003091,2025-10-09,dera,First Trust Advisors L.P.
1385632,0000940400-26-015967,2026-05-11,dera,"Voya Investments, LLC"
1386067,0001410368-26-000508,2026-01-12,dera,"Allspring Funds Management, LLC"
1388126,0001752724-25-167082,2025-07-14,dera,Victory Capital Management Inc.
1388485,0000940400-25-012313,2025-12-15,dera,"Gotham Asset Management, LLC | Whittier Advisors, LLC"
1391437,0000940400-26-009881,2026-03-12,dera,"Gabelli Funds, LLC"
1391673,0001752724-21-167126,2021-08-13,dera,Stone Harbor Investment Partners LP
1393299,0001410368-26-025361,2026-03-13,dera,"BlackRock Advisors, LLC"
1393662,0001752724-21-091811,2021-05-13,dera,"Invesco Advisers, Inc."
1394166,0000940400-25-012305,2025-12-15,dera,"Gabelli Funds, LLC"
1396092,0001396092-26-000381,2026-06-15,dera,"KANEN WEALTH MANAGEMENT LLC | Perkins Capital Management, Inc."
1396167,0001752724-23-020577,2023-02-09,dera,Macquarie Investment Management Business Trust
1398078,0002071691-26-005528,2026-03-16,dera,"BlackRock Advisors, LLC"
1400897,0000894189-26-020802,2026-06-30,dera,Cushing Asset Management LP
1407736,0002048251-26-001921,2026-03-13,dera,SEI Investments Management Corporation
1408970,0000940400-25-000375,2025-09-09,dera,"AdvisorShares Investments, LLC"
1412350,0001412350-21-000048,2021-09-13,dera,Pacific Investment Management Company LLC
1413032,0001410368-26-022555,2026-03-10,dera,"Columbia Management Investment Advisers, LLC"
1413594,0001410368-26-010192,2026-02-05,dera,abrdn Inc.
1414040,0001049169-26-000159,2026-02-13,dera,"ALPS Advisors, Inc."
1415726,0000894189-26-000385,2026-01-13,dera,"Innovator Capital Management, LLC"
1415995,0001752724-25-165942,2025-07-11,dera,New York Life Investment Management LLC
1417802,0000940400-26-015968,2026-05-11,dera,"Voya Investments, LLC"
1418144,0001418144-26-000002,2026-01-14,dera,Invesco Capital Management LLC
1419139,0001419139-26-000004,2026-01-14,dera,Invesco Capital Management LLC
1423227,0000940400-25-012322,2025-12-15,dera,"Virtus Investment Advisers, LLC"
1424212,0000940400-26-000182,2026-01-13,dera,First Trust Advisors L.P.
1432353,0002048251-26-001907,2026-03-12,dera,Global X Management Company LLC
1437249,0000910472-26-005384,2026-04-14,dera,"Channing Capital Management, LLC | Regan Capital, LLC | Summitry LLC"
1438893,0000940400-26-009901,2026-03-12,dera,"Gabelli Funds, LLC"
1439297,0001193125-25-203181,2025-09-15,dera,Capital Research and Management Company
1444822,0002071691-26-005458,2026-03-12,dera,"AQR Capital Management, LLC"
1447247,0001410368-26-060484,2026-06-15,dera,Partners Group (USA) Inc.
1447346,0001447346-25-000030,2025-08-13,dera,"T. Rowe Price Associates, Inc."
1450011,0001450011-25-000520,2025-09-11,dera,Pacific Investment Management Company LLC
1450445,0001193125-26-012732,2026-01-14,dera,"Nuveen Fund Advisors, LLC"
1450501,0001410368-26-060043,2026-06-12,dera,"Columbia Management Investment Advisers, LLC"
1452937,0002048251-26-000876,2026-02-11,dera,"Exchange Traded Concepts, LLC"
1454889,0001410368-26-057847,2026-06-11,dera,"Charles Schwab Investment Management, Inc."
1462586,0000940400-26-003033,2026-02-11,dera,"FRANKLIN TEMPLETON FUND ADVISER, LLC"
1467831,0001145549-23-075971,2023-12-14,dera,ETF Managers Group LLC
1469192,0002071691-26-001985,2026-02-10,dera,New York Life Investment Management LLC
1471420,0001410368-26-022551,2026-03-10,dera,"Columbia Management Investment Advisers, LLC"
1472341,0000940400-26-000075,2026-01-09,dera,"FRANKLIN TEMPLETON FUND ADVISER, LLC"
1472754,0001145549-22-016015,2022-03-15,dera,Evermore Global Advisors LLC
1474103,0000940400-26-009787,2026-03-11,dera,"FRANKLIN TEMPLETON FUND ADVISER, LLC"
1475712,0001410368-26-000613,2026-01-13,dera,Boston Management and Research
1478482,0001193125-26-253078,2026-06-02,dera,John Hancock Investment Management LLC
1479026,0000940400-26-010036,2026-03-13,dera,"Goldman Sachs Asset Management, L.P."
1479360,0001479360-25-000551,2025-09-11,dera,Pacific Investment Management Company LLC
1479599,0001752724-25-213400,2025-09-08,dera,AGF Investments LLC
1480207,0001193125-26-267128,2026-06-11,dera,DoubleLine Alternatives LP | DoubleLine Capital LP
1485894,0002071691-26-009455,2026-05-13,dera,J.P. Morgan Investment Management Inc.
1486048,0001099263-26-003191,2026-03-13,dera,"T. Rowe Price Associates, Inc."
1486298,0001049169-26-000803,2026-03-13,dera,Blackstone Liquid Credit Strategies LLC
1489215,0001752724-23-151408,2023-07-12,dera,Mirae Asset Global Investments (USA) LLC
1491978,0002071691-26-000168,2026-01-14,dera,"Northern Trust Investments, Inc."
1493214,0001410368-26-000606,2026-01-13,dera,Boston Management and Research
1494530,0001752724-24-002874,2024-01-16,dera,First Trust Advisors L.P.
1494928,0002048251-25-003431,2025-12-12,dera,"RiverPark Advisors, LLC"
1495222,0000894189-26-017674,2026-06-08,dera,"Oxford Lane Management, LLC"
1495825,0001752724-25-186726,2025-08-13,dera,"Guggenheim Funds Investment Advisors, LLC"
1496254,0000910472-25-000642,2025-09-15,dera,"SCG Asset Management, LLC"
1496292,0000940400-26-015971,2026-05-11,dera,"Voya Investments, LLC"
1496608,0001410368-26-010918,2026-02-12,dera,AllianceBernstein L.P.
1496749,0001193125-26-101661,2026-03-11,dera,John Hancock Investment Management LLC
1497186,0001752724-25-185674,2025-08-08,dera,"FRANKLIN TEMPLETON FUND ADVISER, LLC"
1497778,0000940400-26-009924,2026-03-12,dera,First Trust Advisors L.P.
1498498,0002066578-26-000037,2026-01-14,dera,Ashmore Investment Advisors Limited
1498612,0001410368-26-024504,2026-03-13,dera,"Cohen & Steers Capital Management, Inc."
1500096,0001752724-23-021854,2023-02-13,dera,"KA Fund Advisors, LLC"
1500604,0002071691-26-000114,2026-01-09,dera,Janus Henderson Investors US LLC
1501072,0001752724-25-213692,2025-09-10,dera,"RiverNorth Capital Management, LLC"
1501825,0001410368-25-014111,2025-10-09,dera,"Hartford Funds Management Company, LLC"
1502573,0001145549-25-017837,2025-03-14,dera,Apollo Credit Management LLC
1502608,0002048251-25-000822,2025-10-14,dera,SEI INVESTMENTS MANAGEMENT CORPORATION
1503123,0000940400-25-005824,2025-11-12,dera,DBX Advisors LLC
1503290,0001410368-26-001023,2026-01-14,dera,abrdn Investments Limited
1504079,0001193125-26-270950,2026-06-15,dera,AssetMark Inc.
1504234,0001049169-26-000804,2026-03-13,dera,Blackstone Liquid Credit Strategies LLC
1504545,0000940400-26-000072,2026-01-09,dera,"FRANKLIN TEMPLETON FUND ADVISER, LLC"
1505612,0001193125-26-012595,2026-01-14,dera,Capital Research and Management Company
1506001,0001410368-26-000846,2026-01-13,dera,Neuberger Berman Investment Advisers LLC
1506289,0001410368-26-025345,2026-03-13,dera,"BlackRock Advisors, LLC"
1506768,0000894189-26-007651,2026-03-10,dera,LoCorr Fund Management LLC
1509253,0001145549-23-062117,2023-10-11,dera,"Nuveen Fund Advisors, LLC"
1510337,0000940400-26-009998,2026-03-13,dera,First Trust Advisors L.P.
1510599,0001510599-25-000031,2025-09-11,dera,Pacific Investment Management Company LLC
1511699,0001193125-26-266830,2026-06-11,dera,"Port Street Investments, LLC"
1515001,0001193125-26-270674,2026-06-15,dera,Harrison Street Private Wealth LLC
1515940,0001193125-26-011266,2026-01-13,dera,KKR Credit Advisors (US) LLC
1516212,0001410368-26-050625,2026-05-26,dera,"SSGA Funds Management, Inc."
1516523,0002066578-25-001756,2025-12-11,dera,"INDEPENDENT FRANCHISE PARTNERS LLP | Northern Trust Investments, Inc. | River Canyon Fund Management LLC | State Farm Investment Management Corp."
1517238,0001752724-25-077215,2025-04-01,dera,"Centre Asset Management, LLC"
1517936,0000940400-26-000180,2026-01-13,dera,First Trust Advisors L.P.
1520245,0001520245-25-000029,2025-08-13,dera,"T. Rowe Price Associates, Inc."
1520738,0000894189-26-007877,2026-03-13,dera,"Brookfield Public Securities Group LLC | Oaktree Fund Advisors, LLC"
1521404,0001193125-26-102459,2026-03-11,dera,Barings LLC
1523289,0000910472-26-009032,2026-06-15,dera,DESTRA CAPITAL ADVISORS LLC
1524513,0001410368-26-001033,2026-01-14,dera,BlackRock Fund Advisors
1525201,0001193125-25-312397,2025-12-09,dera,DoubleLine Capital LP
1525355,0001752724-22-154944,2022-07-08,dera,"Legg Mason Partners Fund Advisor, LLC"
1526697,0001145549-25-017838,2025-03-14,dera,Apollo Credit Management LLC
1528811,0000940400-26-003089,2026-02-13,dera,"Virtus Investment Advisers, LLC"
1529390,0000894189-26-003379,2026-02-06,dera,"Cambria Investment Management, L.P."
1532747,0001145549-20-015493,2020-03-16,dera,"Jackson National Asset Management, LLC"
1533490,0001099263-26-004479,2026-05-12,dera,"T. Rowe Price Associates, Inc."
1533503,0001410368-26-024496,2026-03-13,dera,"Cohen & Steers Capital Management, Inc."
1534293,0001752724-22-067610,2022-03-22,dera,"Salient Capital Advisors, LLC"
1534880,0000940400-25-003108,2025-10-10,dera,PGIM INVESTMENTS LLC
1535174,0001752724-22-057427,2022-03-11,dera,"Salient Advisors, LP | Salient Capital Advisors, LLC"
1535538,0001752724-25-185869,2025-08-12,dera,"K2/D&S Management Co., L.L.C"
1537140,0000910472-25-005673,2025-12-15,dera,"ABS Global Investments | Absolute Capital Management, LLC | Counterpoint Funds, LLC | Counterpoint Mutual Funds, LLC | Dakota Wealth, LLC. | Pinnacle Family Advisors, LLC | PlanRock Investments, LLC | RESQ Investment Partners, LLC | Stonebridge Capital Advisors, LLC"
1539337,0001193125-26-108233,2026-03-16,dera,"Nuveen Fund Advisors, LLC"
1539996,0001162044-25-000957,2025-09-08,dera,"AmericaFirst Wealth Management, Inc."
1540305,0001193125-26-223051,2026-05-14,dera,"Exchange Traded Concepts, LLC | Hoya Capital Real Estate, LLC | Vident Asset Management"
1543188,0001410368-26-057630,2026-06-10,dera,AllianceBernstein L.P.
1545440,0000910472-26-006435,2026-05-11,dera,"Blueprint Fund Management LLC | Nia Impact Capital | Orange Investment Advisors, Inc."
1546429,0001049169-26-000805,2026-03-13,dera,Blackstone Liquid Credit Strategies LLC
1547576,0002048251-26-004798,2026-06-15,dera,"Krane Funds Advisors, LLC"
1547580,0001004726-25-001640,2025-11-04,dera,Victory Capital Management Inc | Victory Capital Management Inc.
1547950,0000910472-26-004036,2026-03-13,dera,"Exchange Traded Concepts, LLC"
1548609,0000894189-25-011156,2025-10-10,dera,Brown Advisory LLC
1548717,0001410368-26-024505,2026-03-13,dera,"Cohen & Steers Capital Management, Inc."
1551047,0001049169-25-001043,2025-12-10,dera,"Bluerock Fund Advisor, LLC"
1551949,0001752724-22-177486,2022-08-15,dera,"Guggenheim Funds Investment Advisors, LLC"
1551950,0001410368-26-060046,2026-06-12,dera,"Columbia Management Investment Advisers, LLC"
1552740,0000940400-26-023374,2026-06-10,dera,First Trust Advisors L.P.
1552947,0000910472-26-005393,2026-04-16,dera,"Regents Park Funds, LLC"
1554697,0000940400-25-003109,2025-10-10,dera,PGIM INVESTMENTS LLC
1555085,0001145549-20-040330,2020-07-14,dera,"Legg Mason Partners Fund Advisor, LLC"
1557156,0001410368-26-001042,2026-01-14,dera,"Goldman Sachs Asset Management, L.P."
1557265,0001193125-26-107726,2026-03-16,dera,"Liberty Street Advisors, Inc."
1557794,0001410368-26-059336,2026-06-12,dera,Blackstone Alternative Investment Advisors LLC
1558107,0001049169-25-001036,2025-12-10,dera,"Beacon Investment Advisory Services, Inc. | Brigade Capital Management, LP | Carret Asset Management | Clarkston Capital Partners, LLC | Hillman Capital Management"
1558629,0001558629-21-000048,2021-09-13,dera,Pacific Investment Management Company LLC
1559109,0000940400-26-000209,2026-01-14,dera,"Virtus Investment Advisers, LLC"
1559992,0001193125-26-106327,2026-03-13,dera,Stone Ridge Asset Management LLC
1560672,0000894189-26-017858,2026-06-15,dera,Ellington Credit Company Management LLC
1562565,0000035402-26-002198,2026-04-13,dera,Fidelity Management & Research Company LLC
1562818,0001410368-26-027064,2026-03-17,dera,"BlackRock Advisors, LLC"
1564216,0001752724-21-020555,2021-02-11,dera,"Cohen & Steers Capital Management, Inc."
1566388,0001145549-24-078616,2024-12-12,dera,DoubleLine Capital LP
1567101,0001752724-25-214597,2025-09-11,dera,OLIVE STREET INVESTMENT ADVISERS LLC
1567569,0000940400-26-000170,2026-01-13,dera,First Trust Advisors L.P.
1568192,0001752724-20-048595,2020-03-12,dera,"FS Global Advisor, LLC"
1568193,0001752724-20-048883,2020-03-13,dera,"FS Global Advisor, LLC"
1568194,0001410368-26-025043,2026-03-13,dera,"FS Global Advisor, LLC"
1568292,0001752724-22-277871,2022-12-13,dera,Macquarie Investment Management Business Trust
1571768,0001099263-26-000011,2026-01-13,dera,"T. Rowe Price Associates, Inc."
1572617,0000940400-26-010026,2026-03-13,dera,"Virtus Investment Advisers, LLC"
1572661,0001752724-25-214090,2025-09-11,dera,"Principal Global Investors, LLC"
1573386,0001752724-20-049389,2020-03-16,dera,CALLAN ASSOCIATES | Callan LLC
1573698,0001752724-21-247462,2021-11-19,dera,Eaton Vance Management
1576340,0001145549-23-076040,2023-12-14,dera,Brookfield Public Securities Group LLC
1576367,0001576367-25-000092,2025-11-25,dera,SKBA Capital Management LLC
1577579,0001752724-21-194373,2021-09-13,dera,Barings LLC
1578987,0000940400-26-010033,2026-03-13,dera,"ArrowMark Asset Management, LLC"
1579982,0000940400-25-003089,2025-10-09,dera,ARK Investment Management LLC
1580353,0000940400-26-010019,2026-03-13,dera,"Global Atlantic Investment Advisors, LLC"
1580733,0001752724-20-224687,2020-11-10,dera,BMO Asset Management Corp.
1580956,0001410368-26-010585,2026-02-11,dera,"Cohen & Steers Capital Management, Inc."
1581005,0001193125-26-012860,2026-01-14,dera,Stone Ridge Asset Management LLC
1583001,0001752724-21-047434,2021-03-09,dera,"First Eagle Alternative Credit, LLC"
1584433,0001193125-26-050394,2026-02-13,dera,Capital Research and Management Company
1585855,0000940400-26-009877,2026-03-12,dera,"Gabelli Funds, LLC"
1587982,0001193125-26-268843,2026-06-12,dera,"ALTERNATIVE ACCESS FUNDS, LLC | AXS Investments LLC"
1588812,0001410368-26-000603,2026-01-13,dera,Boston Management and Research
1592900,0001193125-26-270543,2026-06-15,dera,"Empowered Funds, LLC d/b/a EA Advisers"
1593547,0002048251-26-004796,2026-06-15,dera,GQG PARTNERS LLC
1597389,0001752724-25-213619,2025-09-10,dera,"USCF Advisers, LLC"
1600600,0001600600-25-000029,2025-08-13,dera,"T. Rowe Price Associates, Inc."
1602508,0001145549-24-078535,2024-12-11,dera,"One Capital Management, LLC"
1604174,0001604174-26-000002,2026-03-11,dera,Eagle Point Credit Management LLC
1604522,0001410368-25-033740,2025-12-08,dera,abrdn Inc.
1604813,0001145549-24-063756,2024-10-10,dera,FCF Advisors LLC
1605803,0001410368-25-014110,2025-10-09,dera,Lattice Strategies LLC
1605941,0002071691-26-000005,2026-01-05,dera,"Equitable Investment Management, LLC"
1606789,0000910472-26-009010,2026-06-12,dera,iCapital Registered Fund Adviser LLC
1608016,0001193125-25-235513,2025-10-09,dera,Palmer Square Capital Management LLC
1609956,0001752724-20-255048,2020-12-09,dera,Allianz Global Investors U.S. LLC
1612930,0001193125-26-156310,2026-04-15,dera,"Angel Oak Capital Advisors, LLC"
1615905,0001193125-26-108230,2026-03-16,dera,"Nuveen Fund Advisors, LLC"
1616668,0000894189-26-000408,2026-01-14,dera,"Pacer Advisors, Inc."
1616678,0001410368-26-025347,2026-03-13,dera,"BlackRock Advisors, LLC"
1618627,0001145549-25-001038,2025-01-08,dera,P/E Global LLC | Penn Capital Management Company LLC | Torray Investment Partners LLC
1622148,0001752724-24-281508,2024-12-13,dera,"NEXPOINT ASSET MANAGEMENT, L.P."
1627853,0002048251-26-003731,2026-05-13,dera,SEI Investments Management Corporation
1628040,0001049169-25-001074,2025-12-15,dera,"Sierra Crest Investment Management, LLC"
1633061,0001145549-24-078539,2024-12-11,dera,Amplfy Investments LLC | Amplify Investments LLC
1635073,0001004726-26-004618,2026-06-09,dera,"Nuveen Fund Advisors, LLC"
1635193,0001145549-21-015585,2021-03-11,dera,"Gabelli Funds, LLC"
1635977,0001410368-25-033735,2025-12-08,dera,abrdn Inc.
1636289,0000940400-26-012987,2026-04-14,dera,"Virtus Investment Advisers, LLC"
1642563,0001752724-22-278518,2022-12-13,dera,"Guggenheim Funds Investment Advisors, LLC"
1644419,0000910472-26-008947,2026-06-11,dera,"USA Mutuals Advisors, Inc."
1644771,0001752724-25-213693,2025-09-10,dera,"RiverNorth Capital Management, LLC"
1645194,0000940400-26-023423,2026-06-12,dera,"FRANKLIN TEMPLETON FUND ADVISER, LLC"
1648403,0000940400-25-003130,2025-10-14,dera,"Virtus Alternative Investment Advisers, LLC | Virtus Investment Advisers, LLC"
1650149,0000894189-26-007768,2026-03-12,dera,Palm Valley Capital Management LLC
1652200,0001410368-26-060013,2026-06-12,dera,"Cohen & Steers Capital Management, Inc."
1653463,0001410368-25-035944,2025-12-12,dera,AllianceBernstein L.P.
1655099,0000894189-26-007874,2026-03-13,dera,Brookfield Public Securities Group LLC
1655146,0001193125-26-108007,2026-03-16,dera,Capital Research and Management Company
1655589,0000940400-26-023418,2026-06-12,dera,"Franklin Advisers, Inc. | Franklin Advisory Services, LLC | Franklin Templeton Investment Management Limited | Putnam Investment Management, LLC | Templeton Investment Counsel, LLC"
1657201,0001657201-25-000196,2025-11-14,dera,Invesco Capital Management LLC
1658645,0001193125-26-223336,2026-05-14,dera,Stone Ridge Asset Management LLC
1659326,0002071691-26-009452,2026-05-13,dera,J.P. Morgan Investment Management Inc.
1660935,0001193125-26-108000,2026-03-16,dera,Capital Research and Management Company
1663503,0001752724-20-117991,2020-06-15,dera,"Centerstone Investors, LLC"
1663712,0002048251-26-002348,2026-03-16,dera,"NexPoint Advisors, L.P."
1667292,0001752724-20-048885,2020-03-13,dera,"FS Global Advisor, LLC"
1667293,0001752724-20-048614,2020-03-12,dera,"FS Global Advisor, LLC"
1668512,0001410368-26-022264,2026-03-06,dera,Park Avenue Institutional Advisers LLC
1668984,0001752724-23-000791,2023-01-11,dera,Boston Management and Research
1669626,0001669626-26-000003,2026-01-09,dera,Thrivent Asset Management LLC
1673996,0001752724-22-059627,2022-03-14,dera,"Transamerica Asset Management, Inc."
1676197,0001049169-26-000780,2026-03-11,dera,"Apollo Capital Credit Adviser, LLC"
1678124,0001049169-26-000801,2026-03-13,dera,"CION Ares Management, LLC"
1678130,0001752724-25-213691,2025-09-10,dera,"Rivernorth Capital Management, LLC"
1680255,0001752724-25-186826,2025-08-13,dera,"Goehring & Rozencwajg Associates, LLC"
1681576,0001681576-25-000029,2025-08-13,dera,"T. Rowe Price Associates, Inc."
1681717,0001193125-26-269699,2026-06-12,dera,FIRST TRUST CAPITAL MANAGEMENT L.P.
1682692,0001752724-20-117764,2020-06-15,dera,Partners Group (USA) Inc.
1683471,0001193125-26-267315,2026-06-11,dera,Shelton Capital Management
1686142,0001145549-23-016641,2023-03-16,dera,"Nuveen Fund Advisors, LLC"
1687898,0001193125-26-270676,2026-06-15,dera,Harrison Street Private Wealth LLC
1688554,0001688554-25-000034,2025-09-11,dera,Pacific Investment Management Company LLC
1688680,0001003715-26-001621,2026-05-04,dera,"Brinker Capital Investments, LLC"
1688897,0001410368-26-025042,2026-03-13,dera,"FS Credit Income Advisor, LLC"
1691433,0001752724-21-053028,2021-03-15,dera,"BlackRock Advisors, LLC"
1691570,0001193125-26-263656,2026-06-09,dera,"Union Square Capital Partners, LLC"
1696729,0000894189-25-016809,2025-12-11,dera,"U.S. Bancorp Asset Management, Inc."
1699360,0001145549-25-051588,2025-08-18,dera,Morningstar Investment Management LLC
1700933,0001410368-26-000884,2026-01-14,dera,"American Beacon Advisors, Inc."
1701167,0001752724-22-202563,2022-09-09,dera,Eaton Vance Management
1701341,0001752724-20-048615,2020-03-12,dera,"FS Global Advisor, LLC"
1701809,0001752724-24-079374,2024-04-12,dera,"Virtus Investment Advisers, Inc."
1703079,0001703079-25-000012,2025-12-15,dera,XA Investments LLC
1704299,0000894189-26-003669,2026-02-13,dera,Tortoise Capital Advisors LLC
1707560,0001707560-26-000003,2026-03-04,dera,Federated Advisory Services Company | Federated MDTA LLC
1707770,0001099263-26-000015,2026-01-13,dera,"T. Rowe Price Associates, Inc."
1709447,0001193125-25-318765,2025-12-15,dera,Morgan Stanley AIP GP LP
1710523,0001752724-23-279592,2023-12-14,dera,Blackstone Liquid Credit Strategies LLC
1710680,0002048251-26-002347,2026-03-16,dera,"NexPoint Asset Management, L.P."
1715468,0001752724-24-054971,2024-03-14,dera,"BlackRock Advisors, LLC"
1717976,0001752724-22-055081,2022-03-08,dera,Weiss Multi-Strategy Advisers LLC
1719812,0001004726-26-004051,2026-05-27,dera,Collaborative Fund Advisors
1722388,0002000324-26-001814,2026-05-11,dera,Tidal Investments LLC
1722478,0001145549-24-025318,2024-04-26,dera,"PPM America, Inc."
1722837,0000910472-25-005685,2025-12-15,dera,DESTRA CAPITAL ADVISORS LLC
1724826,0001003715-26-000615,2026-03-10,dera,J.P. Morgan Private Investments Inc.
1725472,0001410368-26-025591,2026-03-13,dera,Carlyle Global Credit Investment Management L.L.C.
1727074,0000940400-25-005892,2025-11-13,dera,PGIM INVESTMENTS LLC
1727398,0000894189-26-000415,2026-01-14,dera,Procure ETF Trust II
1728683,0001049169-26-000822,2026-03-17,dera,"Sprott Asset Management USA, Inc."
1735964,0001735964-26-000018,2026-06-12,dera,Cliffwater LLC
1736078,0002048251-25-002331,2025-11-13,dera,"Symmetry Partners, LLC"
1737936,0002048251-25-000035,2025-08-14,dera,"City National Rochdale, LLC"
1738072,0002071691-26-005531,2026-03-16,dera,"BlackRock Advisors, LLC"
1738073,0002071691-26-005527,2026-03-16,dera,"BlackRock Advisors, LLC"
1738074,0001410368-26-025365,2026-03-13,dera,"BlackRock Advisors, LLC"
1738077,0001410368-26-026205,2026-03-16,dera,"BlackRock Advisors, LLC"
1738078,0002071691-26-005532,2026-03-16,dera,"BlackRock Advisors, LLC"
1741600,0001752724-23-051652,2023-03-10,dera,"BlackRock Advisors, LLC"
1742912,0002000324-26-002272,2026-06-10,dera,Tidal Investments LLC
1742951,0001193125-26-243475,2026-05-28,dera,Manulife Investment Management Private Markets (US) LLC
1745059,0001193125-26-156308,2026-04-15,dera,"Angel Oak Capital Advisors, LLC"
1748680,0001049169-26-000032,2026-01-14,dera,"1WS Capital Advisors, LLC"
1750821,0000910472-26-000027,2026-01-07,dera,"Kovitz Investment Group Partners, LLC"
1752019,0001410368-26-026229,2026-03-16,dera,"BlackRock Advisors, LLC"
1753712,0001410368-26-025523,2026-03-13,dera,"Lord, Abbett & Co. LLC"
1754836,0001754836-26-000003,2026-03-11,dera,Eagle Point Income Management LLC
1756404,0001756404-26-000021,2026-06-12,dera,"Principal Global Investors, LLC"
1756908,0001756908-25-000033,2025-09-11,dera,Pacific Investment Management Company LLC
1760077,0001410368-26-000851,2026-01-13,dera,"Cohen & Steers Capital Management, Inc."
1760567,0000940400-25-012308,2025-12-15,dera,"Gabelli Funds, LLC"
1761055,0000940400-26-010041,2026-03-13,dera,BlackRock Fund Advisors
1761673,0001193125-26-108002,2026-03-16,dera,Capital Research and Management Company
1762229,0001049169-26-000782,2026-03-11,dera,"Willow Asset Management, LLC"
1762332,0002048251-25-000819,2025-10-14,dera,"FROST INVESTMENT ADVISORS, LLC"
1766436,0001999371-25-018945,2025-11-28,dera,Leader Capital Corp.
1767074,0000910472-25-005672,2025-12-15,dera,"CIM Capital IC Management, LLC"
1768666,0001410368-26-025355,2026-03-13,dera,"BlackRock Advisors, LLC"
1771146,0001004726-26-004649,2026-06-15,dera,"Formidable Asset Management, LLC | OTG ASSET MANAGEMENT, LTD."
1774342,0001193125-26-012735,2026-01-14,dera,"Nuveen Fund Advisors, LLC"
1776030,0001752724-23-278030,2023-12-13,dera,Mutual of America Capital Management LLC
1777529,0001049169-25-001080,2025-12-23,dera,"Alpha Growth Management, LLC."
1779306,0001752724-25-187799,2025-08-14,dera,"Water Island Capital, LLC"
1785971,0001410368-26-025356,2026-03-13,dera,"BlackRock Advisors, LLC"
1787621,0001193125-26-011339,2026-01-13,dera,KKR Credit Advisors (US) LLC
1788399,0001193125-25-312399,2025-12-09,dera,DoubleLine Capital LP
1789470,0001193125-26-270548,2026-06-15,dera,StepStone Group Private Wealth LLC
1793882,0001410368-26-000852,2026-01-13,dera,"Cohen & Steers Capital Management, Inc."
1794041,0000894189-26-007933,2026-03-16,dera,Benefit Street Partners LLC
1794287,0001145549-22-022127,2022-04-13,dera,"Angel Oak Capital Advisors, LLC"
1795351,0001099263-26-004477,2026-05-12,dera,"T. Rowe Price Associates, Inc."
1796242,0000940400-25-012228,2025-12-11,dera,"Goldman Sachs Asset Management, L.P."
1796383,0001145549-25-040045,2025-06-13,dera,SRN Advisors LLC
1798618,0001798618-25-000031,2025-09-11,dera,Pacific Investment Management Company LLC
1804196,0001410368-26-027058,2026-03-17,dera,BlackRock Fund Advisors
1806095,0002066578-26-002024,2026-06-10,dera,Brandes Investment Partners LP | First Sentier Investors (US) LLC | Polar Capital LLP
1807333,0002048251-26-004794,2026-06-10,dera,Wilshire Advisors LLC
1807334,0002048251-26-004793,2026-06-10,dera,Wilshire Advisors LLC
1807486,0000940400-26-010049,2026-03-13,dera,"Fred Alger Management, LLC"
1809541,0001410368-26-025352,2026-03-13,dera,"BlackRock Advisors, LLC"
1810747,0001752724-25-213393,2025-09-08,dera,Simplify Asset Management Inc.
1812923,0000940400-25-003105,2025-10-10,dera,PGIM INVESTMENTS LLC
1814390,0000910472-26-004001,2026-03-12,dera,"Flat Rock Global, LLC"
1816125,0001004726-26-000038,2026-01-12,dera,Dimensional Fund Advisors LP
1816389,0001410368-26-061108,2026-06-15,dera,"BlackRock Advisors, LLC"
1818416,0002071691-26-005519,2026-03-13,dera,"First Eagle Investment Management, LLC"
1819559,0000940400-26-009803,2026-03-11,dera,"FRANKLIN TEMPLETON FUND ADVISER, LLC"
1820378,0001410368-25-033173,2025-12-02,dera,"Thornburg Investment Management, Inc."
1821080,0001752724-25-058420,2025-03-17,dera,Humankind Benefit Corp
1829774,0000910472-25-003373,2025-11-14,dera,Easterly Investment Partners LLC | Principal Street Partners. LLC.
1830437,0002066578-25-001752,2025-12-10,dera,Perpetual Americas Funds Services
1831313,0001410368-26-026365,2026-03-16,dera,TCW Investment Management Company LLC
1836057,0001410368-26-025372,2026-03-13,dera,"BlackRock Advisors, LLC"
1842754,0001842754-26-000008,2026-06-12,dera,Cliffwater LLC
1843181,0001410368-26-000844,2026-01-13,dera,Neuberger Berman Investment Advisers LLC
1843974,0000894189-26-007823,2026-03-13,dera,Destiny Advisors LLC
1844684,0000894189-26-007840,2026-03-13,dera,Churchill Asset Management LLC
1847302,0001410368-25-035604,2025-12-12,dera,UBS Trust Company of Puerto Rico
1847304,0001752724-25-214974,2025-09-12,dera,UBS Trust Company of Puerto Rico
1847305,0001410368-26-061409,2026-06-15,dera,Atlas Asset Management LLC
1850862,0001752724-25-214972,2025-09-12,dera,UBS Trust Company of Puerto Rico
1854370,0001854370-26-000011,2026-06-11,dera,"THIRDLINE CAPITAL MANAGEMENT, LLC"
1855299,0001410368-26-025525,2026-03-13,dera,"Lord, Abbett & Co. LLC"
1857314,0001193125-26-103807,2026-03-12,dera,"Forum Capital Advisors, LLC"
1859808,0001410368-25-035954,2025-12-12,dera,"MML Investment Advisers, LLC"
1860151,0001860151-26-000023,2026-05-14,dera,"Invesco Advisers, Inc."
1860434,0001410368-26-000527,2026-01-12,dera,"Harbor Capital Advisors, Inc."
1861115,0001193125-26-108228,2026-03-16,dera,"Nuveen Fund Advisors, LLC"
1862281,0001410368-26-060127,2026-06-12,dera,"Adams Street Advisors, LLC"
1864208,0001752724-25-186727,2025-08-13,dera,"Guggenheim Funds Investment Advisors, LLC"
1864843,0001410368-26-025364,2026-03-13,dera,"BlackRock Advisors, LLC"
1867090,0001867090-26-000077,2026-06-12,dera,Fundrise Advisors LLC
1867714,0001193125-26-103393,2026-03-12,dera,Monachil Capital Partners LP
1868950,0001193125-26-268908,2026-06-12,dera,SWEATER INDUSTRIES LLC.
1869991,0001410368-26-051410,2026-05-26,dera,Capital Research and Management Company
1870117,0001410368-26-026232,2026-03-16,dera,Capital Research and Management Company
1870714,0000894189-26-007876,2026-03-13,dera,"Oaktree Fund Advisors, LLC"
1872555,0002048251-26-000053,2026-01-13,dera,"Christian Brothers Investment Services, Inc."
1875084,0000940400-26-010055,2026-03-13,dera,PGIM INVESTMENTS LLC
1877493,0001145549-24-078706,2024-12-16,dera,Valkyrie Funds LLC
1882879,0000940400-25-005878,2025-11-13,dera,"Goldman Sachs Asset Management, L.P."
1886172,0002071691-26-013279,2026-06-10,dera,DoubleLine ETF Adviser LP
1886878,0001886878-25-000031,2025-09-11,dera,Pacific Investment Management Company LLC
1896036,0001049169-26-000806,2026-03-13,dera,Eagle Point Credit Management LLC
1896329,0001099263-26-003223,2026-03-13,dera,Pacific Investment Management Company LLC
1897540,0000910472-25-005665,2025-12-15,dera,FL Putnam Investment Management Co.
1898303,0001193125-26-269704,2026-06-12,dera,First Trust Capital Management L.P.
1898391,0000035402-26-002203,2026-04-13,dera,Fidelity Diversifying Solutions LLC
1899610,0001049169-26-001699,2026-06-12,dera,"ALPINVEST PRIVATE EQUITY INVESTMENT MANAGEMENT, LLC"
1903070,0001410368-26-057345,2026-06-08,dera,"Hartford Funds Management Company, LLC"
1903606,0000910472-25-005683,2025-12-15,dera,"Cantor Fitzgerald Investment Advisors, LP"
1905088,0000940400-25-003087,2025-10-09,dera,ARK Investment Management LLC
1907437,0001049169-25-001073,2025-12-15,dera,"Mount Logan Management, LLC"
1912938,0001193125-26-269702,2026-06-12,dera,FIRST TRUST CAPITAL MANAGEMENT L.P.
1912963,0001193125-26-269696,2026-06-12,dera,FIRST TRUST CAPITAL MANAGEMENT L.P
1918642,0001193125-26-270554,2026-06-15,dera,StepStone Group Private Wealth LLC
1924868,0000894189-26-017700,2026-06-09,dera,Tidal Investments LLC
1937073,0001193125-26-267059,2026-06-11,dera,Calamos Advisors LLC
1939052,0001145549-24-063926,2024-10-15,dera,Stone Ridge Asset Management LLC
1940499,0001410368-26-060351,2026-06-12,dera,J.P. Morgan Investment Management Inc.
1949594,0001752724-25-214103,2025-09-11,dera,Fidelity Diversifying Solutions LLC
1957892,0001193125-26-270538,2026-06-15,dera,StepStone Group Private Wealth LLC
1959353,0000894189-25-015732,2025-11-26,dera,"Oxford Park Management, LLC"
1965454,0001752724-25-167085,2025-07-14,dera,"Grandeur Peak Global Advisors, LLC"
1965985,0001752724-25-164842,2025-07-07,dera,"Polen Capital Credit, LLC"
1966776,0000940400-26-010035,2026-03-13,dera,KKR Credit Advisors (US) LLC
1969180,0001410368-26-057368,2026-06-09,dera,"Coller Private Market Secondaries Advisors, LLC"
1969995,0002071691-26-013296,2026-06-12,dera,Delaware Management Company
1970466,0001193125-26-269697,2026-06-12,dera,FIRST TRUST CAPITAL MANAGEMENT L.P.
1970751,0001193125-26-270815,2026-06-15,dera,"Bramshill Investments, LLC | Sound Capital Solutions, LLC"
1976322,0000894189-26-000299,2026-01-13,dera,"Themes Management Company, LLC"
1976672,0000894189-26-007921,2026-03-16,dera,"Grayscale Advisors, LLC"
1976685,0000913181-26-000360,2026-06-12,dera,Ivy Invest
1982467,0001193125-26-269108,2026-06-12,dera,"Jackson National Asset Management, LLC"
1984165,0000910472-26-008952,2026-06-11,dera,CAZ Investments Registered Adviser LLC
1987990,0000940400-26-010034,2026-03-13,dera,KKR Credit Advisors (US) LLC
1989393,0001410368-26-060483,2026-06-15,dera,Partners Group (USA) Inc.
1989582,0000940400-26-010052,2026-03-13,dera,PGIM INVESTMENTS LLC
1990685,0001193125-26-268815,2026-06-12,dera,"Liquid Strategies, LLC"
1991706,0001410368-26-060482,2026-06-15,dera,Partners Group (USA) Inc.
1992148,0001992148-25-000003,2025-12-12,dera,Eagle Point Enhanced Income Management LLC
1995745,0001410368-26-026295,2026-03-16,dera,"Venerable Investment Advisers, LLC"
1995940,0000940400-26-023402,2026-06-11,dera,Pantheon Ventures (US) LP
1996211,0001193125-26-270938,2026-06-15,dera,Connetic RIA LLC
2004413,0000910472-26-009016,2026-06-12,dera,"Beacon Pointe Advisors, LLC"
2005563,0001752724-25-215004,2025-09-12,dera,LORD ABBETT FIF ADVISOR LLC
2008602,0000940400-26-023387,2026-06-10,dera,"FRANKLIN TEMPLETON FUND ADVISER, LLC"
2012326,0001752724-25-213398,2025-09-08,dera,"AB CarVal Investors, L.P."
2013536,0002013536-25-000004,2025-12-12,dera,Eagle Point Defensive Income Management LLC
2016900,0002016900-26-000021,2026-06-12,dera,"Principal Global Investors, LLC"
2020407,0001410368-26-057382,2026-06-09,dera,HarbourVest Registered Advisers L.P.
2025137,0001752724-25-214930,2025-09-12,dera,"Virtus Investment Advisers, LLC"
2026098,0001049169-26-001656,2026-06-05,dera,Gladstone Management Corporation
2028436,0001410368-26-026139,2026-03-16,dera,"OHA Private Credit Advisors II, L.P."
2029010,0001410368-26-057964,2026-06-11,dera,Morgan Stanley AIP GP LP
2032432,0002071691-26-005526,2026-03-13,dera,Blackstone Private Credit Strategies LLC
2036272,0001410368-26-024979,2026-03-13,dera,TCW Asset Backed Finance Management Company LLC
2040278,0001003715-26-000637,2026-03-13,dera,"Hamilton Lane Advisors, L.L.C."
2040315,0000940400-26-010067,2026-03-16,dera,Capital Research and Management Company
2040318,0000940400-26-010069,2026-03-16,dera,Capital Research and Management Company
2041175,0001193125-26-105749,2026-03-13,dera,Neuberger Berman Investment Advisers LLC
2041672,0001193125-26-271118,2026-06-15,dera,SWEATER INDUSTRIES LLC.
2042256,0000910472-26-009009,2026-06-12,dera,"iDirect Private Credit Advisors, LLC"
2042316,0001004726-26-004622,2026-06-10,dera,Victory Capital Management Inc.
2042317,0000940400-26-010044,2026-03-13,dera,Victory Capital Management Inc.
2042513,0001410368-25-033779,2025-12-09,dera,"Russell Investment Management, LLC"
2044327,0001049169-26-001064,2026-05-15,dera,C1 Advisors LLC
2046200,0000940400-26-023403,2026-06-11,dera,"Pantheon Infra Advisors, LLC"
2047442,,,none,
2051511,0000894189-26-007875,2026-03-13,dera,"Oaktree Fund Advisors, LLC"
2051512,0000894189-26-007873,,filing,
2051630,0001410368-26-024960,2026-03-13,dera,Lazard Asset Management LLC
2052250,0001410368-26-025594,2026-03-13,dera,GoldenTree Asset Management Credit Advisor LLC
2054992,0001410368-26-057253,2026-06-05,dera,Lincoln Financial Investments Corporation
2054995,0001410368-26-057252,2026-06-05,dera,Lincoln Financial Investments Corporation
2059436,0001410368-26-023481,2026-03-12,dera,Blue Owl Alternative Credit Advisors II LLC
2063946,0000940400-26-009801,2026-03-11,dera,"FRANKLIN TEMPLETON FUND ADVISER, LLC"
2065812,0001410368-26-025044,2026-03-13,dera,"FS Specialty Lending Advisor, LLC"
2076022,0002076022-25-000001,2025-12-12,dera,Eagle Point Credit Management LLC
2081199,0001410368-26-025045,2026-03-13,dera,"BAMCO, Inc."
2085091,0000894189-26-017835,2026-06-12,dera,"Robinhood Ventures DE, LLC"
