company,issuer_name,fund,registrant,series_id,cik,accession,report_date,units,balance,val_usd,price_per_share,pct_val,asset_cat,fair_val_level,restricted,cusip
xAI,N/A,USVC Venture Capital Access Fund,USVC Venture Capital Access Fund,,1858660,0001049169-26-000395,2025-12-31,OU,1801802.00000000,1801802.00000000,1.0000,21.79701872448,EC,3,Y,N/A
Perplexity,PERPLEXITY AI SER E-1 CVT PFD PP,T. Rowe Price Global Allocation Fund,"T. ROWE PRICE GLOBAL ALLOCATION FUND, INC.",S000040952,1571768,0001099263-26-008030,2026-04-30,NS,980.000000,68153.490000,69.5444,0.0079559102,EP,3,Y,000000000
Perplexity,"Perplexity AI, Inc.",ARK Venture Fund,ARK Venture Fund,,1905088,0000940400-26-025087,2026-04-30,NS,60810.00000000,3542758.43000000,58.2595,0.410779881392,EC,3,N,000000000
Perplexity,PERPLEXITY AI SER D-1 CVT PFD PP,"T. Rowe Price Global Technology Fund, Inc.","T. ROWE PRICE GLOBAL TECHNOLOGY FUND, INC.",S000002085,1116626,0001099263-26-006613,2026-03-31,NS,193950.000000,13488132.500000,69.5444,0.2384489609,EP,3,Y,TC4VQD898
Perplexity,PERPLEXITY AI SER E-1 CVT PFD PP,"T. Rowe Price Global Technology Fund, Inc.","T. ROWE PRICE GLOBAL TECHNOLOGY FUND, INC.",S000002085,1116626,0001099263-26-006613,2026-03-31,NS,104960.000000,7299378.120000,69.5444,0.1290415206,EP,3,Y,000000000
Perplexity,PERPLEXITY AI SER E-1 CVT PFD PP,T. Rowe Price All-Cap Opportunities Portfolio,"T. ROWE PRICE EQUITY SERIES, INC.",S000002078,918294,0001099263-26-006590,2026-03-31,NS,13460.000000,936067.350000,69.5444,0.1869656388,EP,3,Y,000000000
Perplexity,PERPLEXITY AI SER D-1 CVT PFD PP,"T. Rowe Price Science & Technology Fund, Inc.","T. ROWE PRICE SCIENCE & TECHNOLOGY FUND, INC.",S000002119,819930,0001099263-26-006576,2026-03-31,NS,60810.000000,4228993.750000,69.5444,0.0393934655,EP,3,Y,TC4VQD898
Perplexity,PERPLEXITY AI SER E-1 CVT PFD PP,T. Rowe Price All-Cap Opportunities Fund,"T. Rowe Price All-Cap Opportunities Fund, Inc.",S000002104,773485,0001099263-26-006569,2026-03-31,NS,409490.000000,28477728.170000,69.5444,0.1983811652,EP,3,Y,000000000
Cohere,"COHERE TECHNOLOGIES, INC. PREFERRED SERIES D-2   /",The Private Shares Fund,The Private Shares Fund,,1557265,0001193125-26-241036,2026-03-31,NS,386038,2852820.82,7.3900,0.2455577073,EP,3,Y,999999999
Cohere,"COHERE TECHNOLOGIES, INC. PREFERRED SERIES D-1   /",The Private Shares Fund,The Private Shares Fund,,1557265,0001193125-26-241036,2026-03-31,NS,279571,2066029.69,7.3900,0.1778343422,EP,3,Y,999999999
Fanatics,FANATICS INC,Fidelity Small Cap Growth Fund,Fidelity Securities Fund,S000007193,754510,0000035402-26-004189,2026-04-30,NS,726062.00000000,63406994.46000000,87.3300,0.752421788919,EC,3,Y,N/A
Fanatics,FANATICS INC,Fidelity Small Cap Growth K6 Fund,Fidelity Securities Fund,S000057285,754510,0000035402-26-004196,2026-04-30,NS,163048.00000000,14238981.84000000,87.3300,0.331832838668,EC,3,Y,N/A
Fanatics,FANATICS HOLDINGS INC CLASS A,Neuberger Long Short Fund,NEUBERGER BERMAN ALTERNATIVE FUNDS,S000035446,1317474,0001410368-26-067195,2026-04-30,NS,2026590.00000000,149663671.50000000,73.8500,1.813370175631,EC,3,Y,000000000
Fanatics,FANATICS INC,Fidelity Series Blue Chip Growth Fund,Fidelity Securities Fund,S000042624,754510,0000035402-26-004168,2026-04-30,NS,159285.00000000,13910359.05000000,87.3300,0.078775878448,EC,3,Y,N/A
Fanatics,FANATICS INC,Fidelity Blue Chip Growth K6 Fund,Fidelity Securities Fund,S000057284,754510,0000035402-26-004034,2026-04-30,NS,225366.00000000,19681212.78000000,87.3300,0.100505020343,EC,3,Y,N/A
Fanatics,"Fanatics Holdings, Inc.",Franklin Small-Mid Cap Growth Fund,Franklin Strategic Series,S000006888,872625,0002071691-26-014400,2026-04-30,NS,793714.00000000,39685700.00000000,50.0000,1.122875617477,EC,3,Y,N/A
Fanatics,"Fanatics Holdings, Inc.",Franklin Growth Opportunities Fund,Franklin Strategic Series,S000006878,872625,0002071691-26-014424,2026-04-30,NS,514969.00000000,25748450.00000000,50.0000,0.574422986365,EC,3,Y,N/A
Fanatics,"Fanatics Holdings, Inc.",Franklin Small-Mid Cap Growth VIP Fund,Franklin Templeton Variable Insurance Products Trust,S000007314,837274,0002071691-26-012231,2026-03-31,NS,94539.00000000,5383171.10000000,56.9413,1.430562344215,EC,3,Y,N/A
Fanatics,FANATICS INC,Fidelity Contrafund,Fidelity Contrafund,S000006037,24238,0000035402-26-003312,2026-03-31,NS,2461391.00000000,206141496.25000000,83.7500,0.130631602707,EC,3,Y,N/A
Fanatics,FANATICS INC,Fidelity Advisor New Insights Fund,Fidelity Contrafund,S000006036,24238,0000035402-26-003299,2026-03-31,NS,372921.00000000,31232133.75000000,83.7500,0.132935884518,EC,3,Y,N/A
Fanatics,FANATICS INC,Fidelity Contrafund K6,Fidelity Contrafund,S000057289,24238,0000035402-26-003310,2026-03-31,NS,332480.00000000,27845200.00000000,83.7500,0.082958333754,EC,3,Y,N/A
Fanatics,FANATICS INC,VIP Contrafund Portfolio,Variable Insurance Products Fund II,S000007724,831016,0000035402-26-003445,2026-03-31,NS,232280.00000000,19453450.00000000,83.7500,0.073352284450,EC,3,Y,N/A
Fanatics,FANATICS INC,Fidelity Series Opportunistic Insights Fund,Fidelity Contrafund,S000039220,24238,0000035402-26-003406,2026-03-31,NS,139938.00000000,11719807.50000000,83.7500,0.087576036526,EC,3,Y,N/A
Fanatics,FANATICS HOLDINGS INC CLASS A,Neuberger Large Cap Growth Fund,NEUBERGER BERMAN EQUITY FUNDS,S000007849,44402,0001410368-26-040130,2026-02-28,NS,1297807.00000000,86135450.59000000,66.3700,3.516940153775,EC,3,Y,000000000
Groq,"Groq, Inc.",ARK Venture Fund,ARK Venture Fund,,1905088,0000940400-26-025087,2026-04-30,NS,46643.00000000,2985152.00000000,64.0000,0.346125881492,EC,3,N,000000000
Groq,GROQ INC,BlackRock Private Investments Fund,BlackRock Private Investments Fund,,1816389,0001410368-26-054485,2026-03-31,NS,40425.00000000,2502261.01000000,61.8988,0.532522731528,,3,Y,000000000
Groq,GROQ INC,Growth Fund of America,Growth Fund of America,S000009228,44201,0001193125-26-182055,2026-02-28,NS,583022.000000000000,51288445.340000003576,87.9700,0.0156344498,EP,3,N,N/A
Groq,GROQ-1TZ2.AF,Stone Ridge Alternative Lending Risk Premium Fund,Stone Ridge Trust V,,1658645,0001145549-25-050023,2025-05-31,PA,249,240.89,0.9674,0.0000141790,LON,3,Y,N/A
Groq,GROQ-HMMJ.AF,Stone Ridge Alternative Lending Risk Premium Fund,Stone Ridge Trust V,,1658645,0001145549-25-050023,2025-05-31,PA,63,63.9,1.0143,0.0000037612,LON,3,Y,N/A
